unique_identifier,amount,date
BCA-00000,-987.483423,2024-07-15
BCA-00001,-968.106913,2024-06-14
BCA-00002,-664.648503,2024-03-09
BCA-00003,405.906439,2023-09-21
BCA-00004,-581.198608,2024-08-09
BCA-00005,-31.243707,2024-06-21
BCA-00006,461.030694,2024-07-22
BCA-00007,963.523999,2024-02-28
BCA-00008,-791.267275,2024-05-06
BCA-00009,109.921356,2024-08-04
BCA-00010,-795.457987,2024-06-13
BCA-00011,213.999628,2024-04-08
BCA-00012,-687.539382,2023-11-10
BCA-00013,94.895629,2024-06-13
BCA-00014,-119.442800,2024-06-06
BCA-00015,7.374745,2024-01-27
BCA-00016,-484.756357,2023-09-12
BCA-00017,-700.721864,2024-04-06
BCA-00018,628.009062,2024-08-04
BCA-00019,147.069749,2024-02-13
BCA-00020,-971.284720,2023-12-26
BCA-00021,-973.308931,2024-01-05
BCA-00022,-98.126110,2024-07-22
BCA-00023,-400.962687,2024-02-10
BCA-00024,749.216059,2024-05-24
BCA-00025,-404.391754,2023-11-17
BCA-00026,135.426514,2024-06-28
BCA-00027,383.376884,2023-10-27
BCA-00028,441.967083,2023-09-13
BCA-00029,-0.798879,2024-05-05
BCA-00030,655.292710,2023-09-05
BCA-00031,211.187734,2024-03-19
BCA-00032,-232.763556,2023-10-16
BCA-00033,371.104156,2023-10-16
BCA-00034,-861.442163,2024-01-13
BCA-00035,-343.303077,2023-09-11
BCA-00036,-744.626532,2024-03-03
BCA-00037,-356.956393,2024-07-13
BCA-00038,618.761118,2023-11-06
BCA-00039,-123.086635,2023-12-03
BCA-00040,137.395443,2023-12-18
BCA-00041,-450.602948,2024-01-25
BCA-00042,202.939610,2024-06-01
BCA-00043,615.938238,2024-03-11
BCA-00044,279.507010,2023-11-11
BCA-00045,602.501121,2024-06-01
BCA-00046,799.259227,2024-02-10
BCA-00047,-245.916671,2024-01-12
BCA-00048,6.479818,2023-12-06
BCA-00049,68.468162,2023-12-12
BCA-00050,-707.545378,2024-05-03
BCA-00051,-99.372135,2024-06-09
BCA-00052,-774.793975,2023-10-16
BCA-00053,898.878540,2024-03-27
BCA-00054,768.742797,2024-01-07
BCA-00055,-746.803100,2024-02-20
BCA-00056,-32.192246,2024-08-27
BCA-00057,883.695019,2023-09-09
BCA-00058,620.798925,2024-04-22
BCA-00059,-608.337232,2023-10-24
BCA-00060,338.121055,2024-05-24
BCA-00061,-997.875807,2023-09-09
BCA-00062,359.969021,2023-11-15
BCA-00063,-696.271069,2024-04-12
BCA-00064,-132.529305,2024-02-12
BCA-00065,-969.659901,2024-03-23
BCA-00066,980.155783,2023-10-18
BCA-00067,-406.945400,2024-06-20
BCA-00068,765.734444,2023-11-22
BCA-00069,771.054557,2024-03-13
BCA-00070,-808.957630,2024-02-08
BCA-00071,-704.450799,2024-08-10
BCA-00072,-789.939862,2024-02-13
BCA-00073,624.205969,2023-11-18
BCA-00074,-592.264953,2023-09-07
BCA-00075,-10.505884,2024-04-18
BCA-00076,-264.842312,2023-11-24
BCA-00077,604.089417,2024-07-18
BCA-00078,-624.160027,2024-08-16
BCA-00079,265.558921,2024-02-19
BCA-00080,651.317652,2023-10-16
BCA-00081,-881.789437,2023-12-27
BCA-00082,-147.649530,2024-08-16
BCA-00083,-969.853388,2024-08-25
BCA-00084,-509.024870,2023-09-11
BCA-00085,159.456550,2024-07-29
BCA-00086,769.670784,2024-01-28
BCA-00087,328.830260,2023-11-11
BCA-00088,656.797884,2024-04-20
BCA-00089,-689.508088,2023-10-22
BCA-00090,10.895629,2023-11-02
BCA-00091,388.470358,2024-03-17
BCA-00092,100.715942,2024-06-28
BCA-00093,170.000125,2024-03-20
BCA-00094,823.141766,2024-04-01
BCA-00095,184.010430,2024-06-10
BCA-00096,777.864968,2024-05-24
BCA-00097,50.480418,2023-10-25
BCA-00098,930.051685,2023-11-04
BCA-00099,149.898682,2023-09-13
BCA-00100,-292.584325,2024-08-30
BCA-00101,-501.730195,2024-05-15
BCA-00102,433.431611,2024-06-25
BCA-00103,285.783945,2024-06-01
BCA-00104,590.827794,2023-09-30
BCA-00105,602.620739,2024-08-11
BCA-00106,-796.456734,2023-11-24
BCA-00107,-897.448132,2023-11-08
BCA-00108,-922.534102,2023-09-28
BCA-00109,568.510849,2023-12-06
BCA-00110,70.950648,2023-10-22
BCA-00111,538.210083,2023-12-16
BCA-00112,404.487660,2023-10-07
BCA-00113,292.801145,2023-09-15
BCA-00114,331.361827,2024-01-23
BCA-00115,191.306167,2024-02-15
BCA-00116,-67.292285,2024-01-21
BCA-00117,-68.968327,2024-02-09
BCA-00118,182.661661,2023-10-27
BCA-00119,812.814855,2023-10-29
BCA-00120,716.894737,2024-01-25
BCA-00121,-157.502496,2024-07-20
BCA-00122,203.085489,2024-06-24
BCA-00123,-361.798241,2024-03-09
BCA-00124,-906.410266,2024-07-11
BCA-00125,60.965652,2023-11-19
BCA-00126,-822.439353,2023-12-23
BCA-00127,-11.436093,2024-07-27
BCA-00128,-861.073606,2024-04-16
BCA-00129,383.609963,2024-06-22
BCA-00130,-967.800391,2023-09-29
BCA-00131,-536.171523,2023-12-01
BCA-00132,-304.813945,2023-10-07
BCA-00133,799.363484,2024-05-22
BCA-00134,-396.208313,2024-04-26
BCA-00135,309.570874,2024-03-10
BCA-00136,-408.713902,2023-10-17
BCA-00137,341.235410,2024-05-09
BCA-00138,-173.683532,2023-10-04
BCA-00139,909.809848,2024-04-01
BCA-00140,322.808708,2023-12-28
BCA-00141,702.139869,2023-12-09
BCA-00142,-636.366777,2024-06-18
BCA-00143,285.873857,2024-06-02
BCA-00144,363.901735,2023-11-25
BCA-00145,-609.478354,2024-08-28
BCA-00146,-532.355142,2024-07-26
BCA-00147,986.715956,2023-12-07
BCA-00148,-90.358159,2023-10-03
BCA-00149,167.752333,2024-07-30
BCA-00150,-450.511357,2024-07-10
BCA-00151,-82.066651,2023-12-21
BCA-00152,632.934336,2023-12-21
BCA-00153,-597.565494,2024-02-02
BCA-00154,-165.153055,2023-11-05
BCA-00155,-55.007044,2024-07-12
BCA-00156,439.949806,2024-02-18
BCA-00157,-865.891616,2024-07-01
BCA-00158,272.907771,2024-05-12
BCA-00159,-366.491998,2023-09-26
BCA-00160,560.880889,2024-02-09
BCA-00161,864.032815,2023-10-30
BCA-00162,-234.088541,2024-04-13
BCA-00163,390.969752,2024-08-02
BCA-00164,826.170982,2023-09-14
BCA-00165,411.985503,2024-08-03
BCA-00166,830.194849,2023-12-06
BCA-00167,-863.036088,2023-10-17
BCA-00168,-579.157104,2023-09-05
BCA-00169,-839.312073,2023-12-01
BCA-00170,-708.126038,2024-03-22
BCA-00171,959.301984,2024-02-13
BCA-00172,631.047370,2024-01-10
BCA-00173,328.026135,2023-11-27
BCA-00174,-634.653058,2024-03-10
BCA-00175,-894.759200,2024-04-07
BCA-00176,512.194044,2024-06-19
BCA-00177,-718.346062,2024-08-26
BCA-00178,246.258180,2023-09-11
BCA-00179,-933.335531,2024-08-25
BCA-00180,-441.758418,2023-11-02
BCA-00181,-263.635195,2024-03-13
BCA-00182,-230.632209,2023-11-28
BCA-00183,-187.106738,2024-08-12
BCA-00184,108.387848,2024-01-11
BCA-00185,-704.564517,2024-05-04
BCA-00186,-988.692060,2024-08-01
BCA-00187,408.177013,2023-09-24
BCA-00188,875.554264,2024-06-18
BCA-00189,-828.867900,2024-02-12
BCA-00190,267.279903,2024-08-21
BCA-00191,-108.326232,2023-09-09
BCA-00192,825.411068,2024-03-15
BCA-00193,372.234035,2023-09-06
BCA-00194,-79.113426,2024-06-16
BCA-00195,-162.532133,2024-08-19
BCA-00196,-493.298554,2024-03-31
BCA-00197,647.363303,2023-12-17
BCA-00198,-273.675091,2024-06-09
BCA-00199,953.465289,2024-02-07
BCA-00200,-21.104910,2024-04-09
BCA-00201,-101.304856,2024-03-24
BCA-00202,-419.811340,2024-01-24
BCA-00203,946.866970,2024-01-05
BCA-00204,-755.399426,2023-10-14
BCA-00205,300.138898,2024-06-25
BCA-00206,-201.134554,2023-11-28
BCA-00207,-10.163506,2024-04-24
BCA-00208,720.937902,2023-11-06
BCA-00209,-587.702815,2024-02-07
BCA-00210,153.474229,2023-10-10
BCA-00211,-897.059253,2023-12-11
BCA-00212,-20.670892,2024-01-09
BCA-00213,866.898753,2024-08-24
BCA-00214,836.201354,2023-12-07
BCA-00215,-578.650944,2024-07-14
BCA-00216,-789.819665,2024-01-01
BCA-00217,957.404367,2024-08-10
BCA-00218,993.953820,2023-09-19
BCA-00219,-247.032016,2024-02-15
BCA-00220,642.283578,2023-11-09
BCA-00221,587.410558,2023-10-07
BCA-00222,779.421666,2024-02-26
BCA-00223,-619.531518,2024-06-30
BCA-00224,692.614823,2024-03-03
BCA-00225,676.332233,2024-07-14
BCA-00226,-530.698844,2024-01-13
BCA-00227,801.907212,2024-03-12
BCA-00228,793.786442,2024-02-26
BCA-00229,2.801022,2023-09-06
BCA-00230,752.662804,2024-08-22
BCA-00231,-98.844252,2024-04-20
BCA-00232,-217.380616,2023-09-12
BCA-00233,-754.372542,2023-09-28
BCA-00234,985.173136,2024-04-19
BCA-00235,439.920517,2024-05-08
BCA-00236,642.926781,2024-07-25
BCA-00237,-259.369561,2024-03-16
BCA-00238,-511.912032,2024-08-28
BCA-00239,449.924497,2023-12-31
BCA-00240,208.267159,2023-10-04
BCA-00241,-266.199732,2023-12-06
BCA-00242,-537.577671,2024-01-21
BCA-00243,-90.566866,2024-04-05
BCA-00244,-565.078090,2023-09-15
BCA-00245,-368.498987,2023-09-21
BCA-00246,-362.527370,2024-01-20
BCA-00247,539.589274,2024-01-04
BCA-00248,197.789044,2024-01-07
BCA-00249,813.583019,2023-10-30
BCA-00250,986.631876,2024-05-28
BCA-00251,-180.150632,2023-12-15
BCA-00252,-643.632910,2024-07-20
BCA-00253,-802.174092,2023-10-30
BCA-00254,-426.778143,2023-11-03
BCA-00255,583.736416,2024-03-31
BCA-00256,-351.581969,2024-08-23
BCA-00257,592.110446,2023-11-13
BCA-00258,-972.203315,2023-12-10
BCA-00259,385.283088,2024-07-06
BCA-00260,579.611035,2024-07-16
BCA-00261,628.080166,2024-03-24
BCA-00262,686.145057,2023-09-16
BCA-00263,808.198039,2024-07-04
BCA-00264,239.278260,2023-10-03
BCA-00265,194.298774,2024-04-05
BCA-00266,-572.176785,2024-02-27
BCA-00267,997.465939,2024-03-22
BCA-00268,217.260177,2023-12-23
BCA-00269,144.853070,2024-06-29
BCA-00270,212.094888,2024-08-07
BCA-00271,232.279133,2024-04-20
BCA-00272,-826.167978,2024-08-08
BCA-00273,978.900463,2023-12-22
BCA-00274,-347.405028,2023-12-05
BCA-00275,61.654360,2024-08-20
BCA-00276,-479.859415,2023-12-18
BCA-00277,-283.539966,2024-03-28
BCA-00278,399.432746,2024-08-17
BCA-00279,664.280301,2024-04-22
BCA-00280,-481.476673,2023-10-30
BCA-00281,-207.683801,2023-11-17
BCA-00282,750.292795,2024-04-15
BCA-00283,-523.367703,2024-06-29
BCA-00284,710.977450,2023-12-12
BCA-00285,595.570052,2024-03-13
BCA-00286,-657.962850,2024-05-08
BCA-00287,768.217843,2024-03-04
BCA-00288,-38.727500,2024-03-16
BCA-00289,-292.868543,2024-02-14
BCA-00290,867.647672,2024-04-29
BCA-00291,-543.667050,2023-12-10
BCA-00292,505.937716,2024-04-04
BCA-00293,-686.952394,2024-05-02
BCA-00294,-722.055120,2024-07-14
BCA-00295,-327.092107,2023-09-28
BCA-00296,-95.836151,2023-09-25
BCA-00297,527.787844,2023-11-11
BCA-00298,-98.414273,2024-03-16
BCA-00299,-54.054039,2024-04-25
BCA-00300,-454.719579,2023-12-13
BCA-00301,-973.963280,2024-07-15
BCA-00302,457.557550,2024-05-27
BCA-00303,-216.734087,2024-03-06
BCA-00304,-149.499503,2023-10-10
BCA-00305,366.067033,2024-07-06
BCA-00306,-993.053684,2023-11-15
BCA-00307,942.075645,2023-11-15
BCA-00308,-518.301451,2024-03-09
BCA-00309,-472.277200,2024-02-04
BCA-00310,-655.161683,2023-10-21
BCA-00311,675.385697,2024-05-27
BCA-00312,-369.052244,2024-06-11
BCA-00313,862.660860,2024-08-19
BCA-00314,696.647553,2024-05-20
BCA-00315,526.260053,2024-04-01
BCA-00316,-913.393644,2024-05-07
BCA-00317,-778.412736,2023-09-28
BCA-00318,-831.946819,2024-05-06
BCA-00319,-497.053363,2023-09-27
BCA-00320,-50.058239,2024-05-26
BCA-00321,-403.622615,2024-06-23
BCA-00322,531.213616,2024-05-05
BCA-00323,603.098252,2024-08-29
BCA-00324,-349.146497,2024-06-08
BCA-00325,-676.978910,2024-04-03
BCA-00326,-553.558291,2024-04-10
BCA-00327,-527.021808,2024-08-13
BCA-00328,474.052802,2024-07-21
BCA-00329,94.661065,2023-12-20
BCA-00330,374.175435,2024-01-28
BCA-00331,955.907395,2024-07-19
BCA-00332,506.537710,2024-02-08
BCA-00333,-317.611288,2024-05-14
BCA-00334,-228.940136,2024-07-12
BCA-00335,-614.970480,2024-04-09
BCA-00336,-250.674163,2024-06-07
BCA-00337,617.398368,2023-12-22
BCA-00338,883.886191,2024-02-01
BCA-00339,19.326640,2024-02-26
BCA-00340,39.640876,2023-12-02
BCA-00341,-298.293105,2023-10-21
BCA-00342,8.483897,2024-03-27
BCA-00343,334.486077,2024-01-17
BCA-00344,102.105813,2024-07-15
BCA-00345,268.968039,2024-03-21
BCA-00346,573.586661,2024-01-23
BCA-00347,-198.257239,2024-05-02
BCA-00348,-54.490843,2023-09-09
BCA-00349,-669.484401,2024-05-25
BCA-00350,-541.911152,2023-09-23
BCA-00351,171.620124,2024-01-19
BCA-00352,125.558048,2023-09-06
BCA-00353,-446.301106,2023-11-18
BCA-00354,497.012586,2024-06-16
BCA-00355,508.392444,2024-01-14
BCA-00356,-270.148969,2024-01-10
BCA-00357,-748.148119,2024-02-10
BCA-00358,-389.685880,2023-09-22
BCA-00359,-688.160256,2023-09-11
BCA-00360,342.873128,2023-11-30
BCA-00361,558.830744,2024-02-27
BCA-00362,-529.740908,2023-10-17
BCA-00363,-264.238822,2023-11-28
BCA-00364,-844.235375,2024-06-06
BCA-00365,230.858597,2023-11-01
BCA-00366,248.318608,2023-10-21
BCA-00367,759.274103,2023-12-07
BCA-00368,-475.833890,2024-04-04
BCA-00369,686.240233,2023-12-01
BCA-00370,959.075481,2024-05-08
BCA-00371,-644.158504,2024-01-11
BCA-00372,274.592455,2024-02-27
BCA-00373,412.951702,2024-05-01
BCA-00374,287.650267,2024-06-04
BCA-00375,-809.045768,2023-11-19
BCA-00376,719.146049,2023-10-30
BCA-00377,-658.247651,2024-07-15
BCA-00378,-507.805650,2024-03-27
BCA-00379,550.801419,2023-10-06
BCA-00380,317.445477,2023-10-07
BCA-00381,-16.852623,2023-11-02
BCA-00382,-745.430443,2024-07-28
BCA-00383,-797.279309,2024-03-09
BCA-00384,-559.187906,2023-09-27
BCA-00385,47.628963,2024-03-19
BCA-00386,-730.522389,2024-05-27
BCA-00387,-27.957478,2024-08-27
BCA-00388,720.522884,2023-09-16
BCA-00389,294.009453,2023-09-14
BCA-00390,220.770340,2023-10-31
BCA-00391,-42.379684,2024-06-09
BCA-00392,258.583610,2024-04-06
BCA-00393,237.118252,2024-06-19
BCA-00394,776.374154,2024-03-01
BCA-00395,-297.214834,2023-12-04
BCA-00396,-548.130358,2023-09-22
BCA-00397,-850.015988,2024-04-28
BCA-00398,-725.578756,2024-06-06
BCA-00399,-781.027112,2024-06-15
BCA-00400,-446.319788,2024-08-18
BCA-00401,-731.485797,2024-03-25
BCA-00402,743.225476,2023-12-27
BCA-00403,807.376987,2024-03-28
BCA-00404,-582.011701,2023-11-23
BCA-00405,890.595415,2023-11-01
BCA-00406,306.371158,2024-06-01
BCA-00407,133.867228,2023-12-06
BCA-00408,755.554176,2023-10-18
BCA-00409,676.418797,2024-04-15
BCA-00410,596.661516,2024-02-03
BCA-00411,734.128307,2024-01-20
BCA-00412,-325.565589,2024-07-24
BCA-00413,650.343347,2024-03-27
BCA-00414,753.820180,2023-12-23
BCA-00415,198.386269,2024-07-07
BCA-00416,475.999655,2024-08-23
BCA-00417,412.220978,2023-10-16
BCA-00418,315.880109,2023-12-27
BCA-00419,365.812721,2023-10-25
BCA-00420,424.643081,2023-12-02
BCA-00421,-331.818881,2023-12-20
BCA-00422,957.917506,2024-06-22
BCA-00423,418.545154,2024-03-23
BCA-00424,-581.062102,2024-01-24
BCA-00425,488.532689,2023-11-17
BCA-00426,576.057944,2023-11-03
BCA-00427,669.448374,2023-12-24
BCA-00428,257.449911,2023-11-28
BCA-00429,93.766288,2023-09-16
BCA-00430,-391.942927,2023-10-10
BCA-00431,708.870853,2024-04-24
BCA-00432,760.793905,2024-08-18
BCA-00433,197.557929,2024-06-08
BCA-00434,277.136781,2023-12-06
BCA-00435,-183.358772,2023-09-26
BCA-00436,924.587759,2024-07-22
BCA-00437,-402.381250,2024-08-23
BCA-00438,885.259657,2024-03-01
BCA-00439,-438.178920,2023-09-16
BCA-00440,-794.402778,2023-12-12
BCA-00441,-916.412117,2023-11-19
BCA-00442,-232.026994,2024-01-28
BCA-00443,646.464008,2024-06-19
BCA-00444,921.520961,2024-06-14
BCA-00445,-113.431550,2024-07-30
BCA-00446,122.392902,2024-05-24
BCA-00447,586.688449,2024-02-10
BCA-00448,-127.143817,2024-06-13
BCA-00449,242.460019,2024-01-15
BCA-00450,-962.852733,2023-11-20
BCA-00451,-366.170247,2024-08-05
BCA-00452,326.582529,2024-06-04
BCA-00453,-167.907011,2024-08-15
BCA-00454,-75.437261,2024-08-23
BCA-00455,844.780650,2023-09-01
BCA-00456,-20.367629,2024-05-22
BCA-00457,772.819889,2024-06-09
BCA-00458,-789.911313,2023-12-21
BCA-00459,378.344131,2024-04-04
BCA-00460,-446.694304,2024-06-03
BCA-00461,-433.735436,2024-06-30
BCA-00462,-33.190881,2024-07-03
BCA-00463,-595.681118,2024-06-05
BCA-00464,-670.682761,2024-01-12
BCA-00465,615.166260,2023-10-11
BCA-00466,-882.591570,2024-05-13
BCA-00467,-968.075276,2024-08-04
BCA-00468,-160.543551,2024-04-07
BCA-00469,635.223884,2024-08-29
BCA-00470,-287.013789,2024-01-28
BCA-00471,-890.492992,2023-09-13
BCA-00472,-271.731368,2024-01-05
BCA-00473,-289.014024,2023-09-17
BCA-00474,649.848981,2024-04-29
BCA-00475,895.911672,2024-06-10
BCA-00476,576.372865,2024-02-21
BCA-00477,782.969147,2024-01-19
BCA-00478,390.294766,2024-08-28
BCA-00479,-466.860374,2024-04-14
BCA-00480,586.298448,2023-10-07
BCA-00481,-202.381092,2024-08-06
BCA-00482,751.487607,2024-02-03
BCA-00483,-10.271001,2024-04-08
BCA-00484,817.042188,2023-10-10
BCA-00485,869.001344,2024-06-09
BCA-00486,12.070250,2024-05-02
BCA-00487,-796.889459,2023-11-09
BCA-00488,358.939735,2023-12-24
BCA-00489,-57.670594,2024-01-20
BCA-00490,-950.264094,2024-07-16
BCA-00491,-706.321126,2023-10-14
BCA-00492,-98.551748,2023-12-13
BCA-00493,636.678645,2023-12-11
BCA-00494,375.871162,2024-02-23
BCA-00495,131.440261,2023-12-07
BCA-00496,-532.911479,2024-02-23
BCA-00497,740.854620,2024-03-16
BCA-00498,949.616825,2023-11-15
BCA-00499,786.409063,2023-10-12
BCA-00500,154.608805,2023-11-24
BCA-00501,182.318735,2024-08-08
BCA-00502,-42.728310,2023-10-07
BCA-00503,-14.868658,2024-03-22
BCA-00504,889.318336,2024-08-02
BCA-00505,-793.714537,2024-03-23
BCA-00506,753.728761,2024-05-29
BCA-00507,797.620745,2024-02-24
BCA-00508,-16.052218,2023-11-13
BCA-00509,708.628300,2023-10-15
BCA-00510,-364.850890,2024-08-25
BCA-00511,650.275412,2023-11-18
BCA-00512,866.116048,2024-06-04
BCA-00513,580.139744,2024-04-15
BCA-00514,-839.953488,2023-12-25
BCA-00515,-942.168498,2023-09-22
BCA-00516,162.778588,2024-01-20
BCA-00517,-53.488928,2024-08-20
BCA-00518,599.240619,2024-05-22
BCA-00519,-311.576585,2024-08-05
BCA-00520,643.279784,2024-01-15
BCA-00521,-528.226679,2023-09-28
BCA-00522,365.919910,2023-09-22
BCA-00523,-715.883603,2023-09-09
BCA-00524,-431.341486,2024-06-11
BCA-00525,-509.455636,2024-08-18
BCA-00526,-145.540092,2023-11-17
BCA-00527,788.000034,2023-12-21
BCA-00528,-200.688997,2024-02-10
BCA-00529,600.702660,2024-01-01
BCA-00530,830.860682,2024-02-29
BCA-00531,-692.895881,2023-12-15
BCA-00532,-981.335514,2023-12-27
BCA-00533,488.526690,2024-05-15
BCA-00534,607.124613,2024-02-24
BCA-00535,-697.375303,2024-02-29
BCA-00536,-520.416659,2024-08-06
BCA-00537,47.397344,2023-10-20
BCA-00538,-280.019413,2023-12-22
BCA-00539,-374.363600,2024-05-04
BCA-00540,948.747213,2024-03-26
BCA-00541,-889.782117,2024-08-20
BCA-00542,-677.320548,2024-07-20
BCA-00543,-602.009783,2023-12-13
BCA-00544,624.957919,2024-02-09
BCA-00545,524.673722,2024-08-12
BCA-00546,824.681777,2024-06-19
BCA-00547,-280.698878,2023-10-07
BCA-00548,352.750975,2024-02-18
BCA-00549,519.106060,2024-08-04
BCA-00550,362.037130,2024-07-06
BCA-00551,-593.456249,2024-08-07
BCA-00552,137.174546,2023-12-22
BCA-00553,-88.937081,2024-07-01
BCA-00554,-335.916191,2024-05-01
BCA-00555,440.883574,2023-09-15
BCA-00556,525.786051,2023-11-08
BCA-00557,469.312555,2024-01-03
BCA-00558,-26.684006,2024-04-04
BCA-00559,473.334307,2024-02-25
BCA-00560,166.021856,2024-02-09
BCA-00561,956.749187,2023-12-17
BCA-00562,-548.169333,2024-08-03
BCA-00563,-395.139328,2024-08-17
BCA-00564,-678.336616,2024-02-08
BCA-00565,499.491991,2023-11-25
BCA-00566,511.406539,2023-09-07
BCA-00567,489.390500,2024-01-09
BCA-00568,950.673522,2023-09-24
BCA-00569,-140.705975,2023-12-31
BCA-00570,24.942385,2024-05-18
BCA-00571,-30.957025,2023-12-03
BCA-00572,714.419710,2024-02-06
BCA-00573,452.755348,2024-04-30
BCA-00574,-952.457265,2024-07-08
BCA-00575,-519.868794,2023-12-16
BCA-00576,923.840508,2024-01-17
BCA-00577,635.221089,2024-07-20
BCA-00578,138.119465,2023-12-14
BCA-00579,245.628039,2024-03-13
BCA-00580,-93.823939,2023-09-13
BCA-00581,621.800622,2024-03-28
BCA-00582,-790.330071,2024-02-22
BCA-00583,540.603318,2024-01-14
BCA-00584,-35.660601,2023-10-14
BCA-00585,260.894836,2023-09-18
BCA-00586,-792.279966,2024-04-21
BCA-00587,15.048036,2024-03-03
BCA-00588,348.711628,2024-07-17
BCA-00589,865.285288,2024-06-09
BCA-00590,-817.547726,2024-07-22
BCA-00591,226.639647,2024-01-09
BCA-00592,-76.253360,2023-12-21
BCA-00593,892.667589,2024-05-26
BCA-00594,-861.528154,2024-03-14
BCA-00595,164.686194,2024-02-04
BCA-00596,201.305583,2024-07-17
BCA-00597,232.421243,2024-06-04
BCA-00598,8.185591,2024-05-03
BCA-00599,481.747805,2024-07-27
BCA-00600,-239.954187,2024-02-23
BCA-00601,-46.633275,2024-02-26
BCA-00602,882.469447,2023-12-07
BCA-00603,-493.652574,2024-07-27
BCA-00604,983.042097,2023-11-06
BCA-00605,-828.001280,2023-09-05
BCA-00606,963.689209,2024-05-18
BCA-00607,57.504265,2024-07-03
BCA-00608,258.608400,2023-12-05
BCA-00609,406.053187,2024-04-19
BCA-00610,607.052730,2023-12-28
BCA-00611,-778.708448,2024-08-14
BCA-00612,250.177674,2024-05-14
BCA-00613,156.723840,2023-12-25
BCA-00614,395.924780,2024-03-10
BCA-00615,427.698222,2023-10-22
BCA-00616,468.795523,2024-06-02
BCA-00617,869.955701,2024-02-22
BCA-00618,-24.515974,2023-09-22
BCA-00619,-980.623784,2024-01-25
BCA-00620,13.121556,2024-02-24
BCA-00621,298.795967,2024-03-16
BCA-00622,-123.374074,2023-12-24
BCA-00623,-400.880984,2024-05-05
BCA-00624,687.673956,2024-01-23
BCA-00625,344.438075,2024-06-28
BCA-00626,723.384522,2023-11-11
BCA-00627,-657.918109,2024-08-04
BCA-00628,286.192040,2023-09-01
BCA-00629,973.989122,2024-08-29
BCA-00630,385.449001,2024-07-04
BCA-00631,-857.122284,2024-05-07
BCA-00632,-441.729875,2023-09-02
BCA-00633,222.767713,2024-08-11
BCA-00634,-216.019225,2023-09-29
BCA-00635,587.161908,2024-08-09
BCA-00636,-251.634810,2023-10-02
BCA-00637,105.783941,2023-09-20
BCA-00638,894.696148,2023-10-11
BCA-00639,922.485630,2024-08-25
BCA-00640,88.168440,2024-02-11
BCA-00641,-539.885765,2024-06-10
BCA-00642,503.314476,2024-06-05
BCA-00643,-891.817112,2024-03-28
BCA-00644,488.086252,2023-10-27
BCA-00645,493.631370,2023-10-27
BCA-00646,887.595958,2023-10-06
BCA-00647,-595.281303,2023-11-10
BCA-00648,-817.772913,2024-06-29
BCA-00649,746.680029,2024-04-18
BCA-00650,-735.360956,2023-12-21
BCA-00651,977.582854,2023-11-01
BCA-00652,111.960756,2023-12-01
BCA-00653,-149.497791,2024-01-07
BCA-00654,409.633414,2024-07-31
BCA-00655,-896.252512,2024-06-02
BCA-00656,691.549523,2023-12-25
BCA-00657,-351.924551,2024-02-22
BCA-00658,936.164469,2023-12-08
BCA-00659,-999.380395,2024-06-11
BCA-00660,-844.511783,2024-04-19
BCA-00661,-335.913202,2023-12-13
BCA-00662,106.049684,2023-11-04
BCA-00663,-50.484943,2024-01-07
BCA-00664,-773.455019,2024-03-01
BCA-00665,-767.952999,2024-05-02
BCA-00666,-432.616669,2024-01-14
BCA-00667,-281.690366,2024-08-21
BCA-00668,-707.517757,2024-08-12
BCA-00669,817.440707,2023-10-22
BCA-00670,959.038550,2023-09-26
BCA-00671,-55.796565,2023-11-05
BCA-00672,814.551755,2023-10-08
BCA-00673,25.090910,2023-10-04
BCA-00674,-168.084924,2023-12-28
BCA-00675,-611.199045,2024-06-05
BCA-00676,-135.714894,2024-05-31
BCA-00677,-909.708453,2024-04-05
BCA-00678,162.320550,2024-06-13
BCA-00679,-583.719709,2024-01-25
BCA-00680,174.607516,2024-03-04
BCA-00681,630.889759,2023-11-15
BCA-00682,590.757570,2024-05-22
BCA-00683,-849.314527,2024-01-18
BCA-00684,-791.938456,2023-11-10
BCA-00685,-686.723590,2024-06-24
BCA-00686,-809.152473,2024-03-02
BCA-00687,-515.683620,2024-06-21
BCA-00688,712.174920,2024-05-20
BCA-00689,955.516163,2024-08-14
BCA-00690,415.631343,2024-04-03
BCA-00691,446.553976,2024-06-08
BCA-00692,238.003450,2024-05-03
BCA-00693,589.965680,2024-07-01
BCA-00694,143.455093,2024-07-06
BCA-00695,-217.811778,2023-12-20
BCA-00696,25.873129,2023-11-09
BCA-00697,-385.945582,2024-06-24
BCA-00698,-67.403583,2023-10-25
BCA-00699,447.340062,2024-05-13
BCA-00700,998.670569,2023-12-20
BCA-00701,-663.247991,2024-06-19
BCA-00702,650.066832,2024-05-30
BCA-00703,-997.681880,2024-01-14
BCA-00704,237.907793,2024-05-01
BCA-00705,-920.556860,2023-11-06
BCA-00706,203.103041,2024-02-21
BCA-00707,979.484335,2023-09-25
BCA-00708,749.431387,2023-11-27
BCA-00709,647.725510,2023-11-16
BCA-00710,-692.407530,2023-12-16
BCA-00711,940.645717,2024-03-16
BCA-00712,-487.894137,2024-05-17
BCA-00713,-633.058586,2024-08-21
BCA-00714,491.329694,2024-06-08
BCA-00715,-31.252375,2023-10-12
BCA-00716,-744.743972,2024-01-04
BCA-00717,-574.608322,2024-08-01
BCA-00718,223.644025,2024-06-26
BCA-00719,855.441164,2024-04-22
BCA-00720,916.536248,2024-01-03
BCA-00721,788.850409,2024-02-12
BCA-00722,934.351777,2024-06-07
BCA-00723,923.119577,2024-08-13
BCA-00724,-13.183673,2024-04-14
BCA-00725,700.384295,2024-06-28
BCA-00726,328.982144,2023-12-31
BCA-00727,-822.106839,2024-01-24
BCA-00728,-390.176846,2024-06-23
BCA-00729,596.980773,2023-12-18
BCA-00730,-853.683007,2024-02-17
BCA-00731,216.344321,2024-03-23
BCA-00732,451.185215,2024-07-03
BCA-00733,356.961554,2024-01-29
BCA-00734,-889.281769,2023-10-31
BCA-00735,-548.448702,2024-02-15
BCA-00736,596.256542,2024-05-15
BCA-00737,417.092537,2024-01-13
BCA-00738,882.166192,2023-12-14
BCA-00739,-295.513593,2024-06-15
BCA-00740,-78.150951,2023-09-24
BCA-00741,495.321576,2024-05-09
BCA-00742,859.909857,2024-05-06
BCA-00743,-129.195864,2024-03-23
BCA-00744,151.743411,2024-06-11
BCA-00745,-713.280834,2024-08-23
BCA-00746,-365.311544,2024-03-30
BCA-00747,-143.191020,2023-10-03
BCA-00748,-438.551362,2024-08-07
BCA-00749,-4.548313,2024-08-21
BCA-00750,758.519638,2023-12-04
BCA-00751,-895.032106,2024-03-18
BCA-00752,-814.443217,2023-09-08
BCA-00753,779.265025,2024-06-12
BCA-00754,-822.370031,2024-04-20
BCA-00755,713.649555,2024-03-10
BCA-00756,-669.305955,2024-03-28
BCA-00757,-190.294641,2024-04-24
BCA-00758,123.041054,2023-10-18
BCA-00759,650.897861,2024-06-23
BCA-00760,-494.571430,2024-08-05
BCA-00761,386.541449,2024-06-20
BCA-00762,-50.250406,2024-02-14
BCA-00763,-304.117784,2023-09-09
BCA-00764,729.494263,2023-11-07
BCA-00765,-179.601797,2024-07-07
BCA-00766,163.070066,2023-12-03
BCA-00767,882.708435,2024-03-06
BCA-00768,943.578680,2023-09-19
BCA-00769,422.322109,2024-03-18
BCA-00770,880.175242,2023-10-16
BCA-00771,687.602597,2024-07-08
BCA-00772,-788.530013,2024-04-10
BCA-00773,-650.418924,2024-04-03
BCA-00774,-138.597624,2023-12-30
BCA-00775,-851.826374,2023-11-02
BCA-00776,-355.529056,2024-01-05
BCA-00777,415.989033,2024-06-13
BCA-00778,933.359829,2024-05-12
BCA-00779,423.429412,2024-08-04
BCA-00780,204.928632,2023-09-28
BCA-00781,-247.291485,2024-07-05
BCA-00782,830.836894,2024-03-20
BCA-00783,-183.684690,2024-03-18
BCA-00784,-863.859024,2024-06-16
BCA-00785,650.310305,2024-05-28
BCA-00786,-206.022466,2023-11-28
BCA-00787,-678.226383,2024-05-02
BCA-00788,-314.785380,2024-02-24
BCA-00789,-406.822424,2024-06-12
BCA-00790,-324.417968,2024-07-21
BCA-00791,50.868716,2024-03-17
BCA-00792,234.974993,2023-12-27
BCA-00793,-238.014489,2024-03-26
BCA-00794,-126.024494,2024-01-29
BCA-00795,-741.740939,2023-12-13
BCA-00796,914.950560,2023-09-14
BCA-00797,-660.357820,2024-01-01
BCA-00798,-397.153627,2024-08-14
BCA-00799,303.550464,2024-02-28
BCA-00800,845.980325,2024-04-27
BCA-00801,-162.140935,2024-07-29
BCA-00802,378.688710,2023-11-29
BCA-00803,809.084483,2024-01-28
BCA-00804,-734.003328,2024-06-19
BCA-00805,206.706588,2023-12-12
BCA-00806,938.629194,2023-12-07
BCA-00807,-895.432091,2023-12-23
BCA-00808,-750.347939,2024-08-08
BCA-00809,-567.747533,2024-05-04
BCA-00810,-87.584724,2024-05-12
BCA-00811,676.264154,2024-07-04
BCA-00812,-525.039792,2023-10-30
BCA-00813,573.516062,2024-07-02
BCA-00814,675.354911,2024-08-24
BCA-00815,-574.474183,2023-11-10
BCA-00816,-751.420500,2024-07-21
BCA-00817,461.936845,2023-10-22
BCA-00818,-387.996831,2023-11-17
BCA-00819,905.613723,2023-09-15
BCA-00820,221.090829,2023-12-12
BCA-00821,155.247083,2024-08-01
BCA-00822,-550.405769,2023-12-20
BCA-00823,977.658847,2024-07-29
BCA-00824,245.572305,2024-05-18
BCA-00825,226.386293,2023-12-20
BCA-00826,-797.013874,2024-06-08
BCA-00827,-749.547570,2024-03-11
BCA-00828,-530.660099,2024-07-29
BCA-00829,893.226622,2023-12-13
BCA-00830,-708.678284,2023-09-14
BCA-00831,-418.828551,2024-01-01
BCA-00832,666.833760,2024-01-23
BCA-00833,-890.440484,2023-12-03
BCA-00834,311.404707,2024-03-04
BCA-00835,651.187441,2024-06-09
BCA-00836,-488.599022,2024-08-08
BCA-00837,-625.705789,2024-03-29
BCA-00838,-50.509773,2023-11-30
BCA-00839,-268.028301,2023-12-26
BCA-00840,-157.621619,2023-11-17
BCA-00841,-527.124937,2024-03-08
BCA-00842,785.665495,2024-01-06
BCA-00843,-717.376859,2024-04-09
BCA-00844,-454.349987,2023-10-06
BCA-00845,983.698507,2024-04-10
BCA-00846,515.422161,2023-11-08
BCA-00847,523.544351,2023-12-26
BCA-00848,-274.960174,2024-01-05
BCA-00849,739.100430,2024-07-12
BCA-00850,737.977255,2023-09-08
BCA-00851,41.297989,2024-06-14
BCA-00852,225.997875,2024-01-18
BCA-00853,-155.664616,2023-12-01
BCA-00854,-330.969744,2024-01-18
BCA-00855,804.231511,2024-01-15
BCA-00856,-693.814353,2023-11-06
BCA-00857,775.413231,2024-08-12
BCA-00858,-287.495578,2024-06-27
BCA-00859,295.712565,2024-05-01
BCA-00860,-937.839894,2023-09-07
BCA-00861,258.295722,2024-03-02
BCA-00862,364.856715,2024-06-27
BCA-00863,667.960614,2024-05-06
BCA-00864,656.625888,2023-09-17
BCA-00865,928.608703,2024-03-14
BCA-00866,-569.933436,2024-06-10
BCA-00867,56.979630,2024-07-18
BCA-00868,307.666181,2023-12-28
BCA-00869,74.983215,2024-07-06
BCA-00870,-743.266571,2024-04-30
BCA-00871,665.205559,2024-05-31
BCA-00872,-802.365610,2023-12-12
BCA-00873,582.984885,2023-09-17
BCA-00874,505.106227,2023-12-05
BCA-00875,-266.987921,2024-01-25
BCA-00876,500.376013,2024-01-10
BCA-00877,-609.625516,2024-08-02
BCA-00878,174.797166,2024-01-02
BCA-00879,261.163391,2024-02-03
BCA-00880,447.599173,2024-03-21
BCA-00881,-921.620862,2024-08-15
BCA-00882,-996.346440,2023-10-12
BCA-00883,420.121332,2024-07-28
BCA-00884,-219.206493,2024-08-10
BCA-00885,-577.252680,2024-01-02
BCA-00886,65.789945,2023-10-08
BCA-00887,87.825005,2023-12-06
BCA-00888,965.726788,2024-06-07
BCA-00889,704.008356,2024-08-19
BCA-00890,-579.117467,2024-02-06
BCA-00891,954.120983,2023-09-17
BCA-00892,-731.888673,2023-10-24
BCA-00893,19.344684,2024-08-04
BCA-00894,-83.860713,2024-07-08
BCA-00895,527.459726,2024-05-13
BCA-00896,265.515214,2023-12-10
BCA-00897,100.961407,2023-12-17
BCA-00898,-779.051601,2024-03-21
BCA-00899,986.010501,2024-06-24
BCA-00900,761.740889,2024-08-15
BCA-00901,-303.333952,2023-11-21
BCA-00902,-419.484748,2024-04-05
BCA-00903,98.250615,2023-12-11
BCA-00904,-670.699961,2023-12-19
BCA-00905,-309.811627,2024-02-13
BCA-00906,-596.469467,2024-05-08
BCA-00907,393.110644,2024-07-26
BCA-00908,292.111526,2024-05-14
BCA-00909,476.370508,2024-03-01
BCA-00910,315.022276,2023-11-23
BCA-00911,-35.789340,2023-10-18
BCA-00912,-254.910073,2023-11-17
BCA-00913,-482.913293,2023-12-11
BCA-00914,701.887842,2024-08-30
BCA-00915,776.836368,2024-05-06
BCA-00916,788.651417,2024-06-16
BCA-00917,398.862863,2024-06-01
BCA-00918,949.606599,2024-05-22
BCA-00919,584.822966,2024-06-21
BCA-00920,439.976452,2023-09-19
BCA-00921,474.112455,2023-12-03
BCA-00922,-224.084704,2024-06-03
BCA-00923,-669.296601,2024-07-19
BCA-00924,833.254494,2023-10-24
BCA-00925,18.016624,2023-11-01
BCA-00926,377.589347,2024-02-14
BCA-00927,-234.203743,2024-07-16
BCA-00928,418.004343,2024-05-23
BCA-00929,107.421951,2024-04-13
BCA-00930,-649.354486,2024-07-29
BCA-00931,174.375719,2024-08-18
BCA-00932,-873.462801,2024-06-12
BCA-00933,875.287218,2024-02-25
BCA-00934,888.807314,2024-07-19
BCA-00935,-157.016992,2024-04-07
BCA-00936,-21.646836,2024-02-15
BCA-00937,82.429655,2024-08-28
BCA-00938,-912.811954,2024-06-22
BCA-00939,646.739167,2024-05-23
BCA-00940,709.915955,2024-06-29
BCA-00941,428.179578,2023-11-22
BCA-00942,-882.986393,2024-06-16
BCA-00943,-321.372928,2024-06-19
BCA-00944,-659.761526,2023-09-09
BCA-00945,-888.991127,2024-04-23
BCA-00946,551.875072,2024-06-03
BCA-00947,466.797442,2024-01-20
BCA-00948,58.403414,2023-10-24
BCA-00949,290.025603,2024-01-28
BCA-00950,-304.924155,2024-06-16
BCA-00951,564.977188,2024-06-09
BCA-00952,417.480425,2024-02-21
BCA-00953,908.473665,2024-07-02
BCA-00954,-247.274455,2024-01-07
BCA-00955,-348.070270,2024-05-16
BCA-00956,-193.241753,2024-03-29
BCA-00957,-440.827462,2023-09-16
BCA-00958,-316.622227,2024-01-01
BCA-00959,-306.747596,2023-11-19
BCA-00960,-675.425159,2024-06-07
BCA-00961,-847.265852,2024-03-03
BCA-00962,-804.251573,2023-10-17
BCA-00963,-286.284832,2024-05-07
BCA-00964,-164.277114,2024-02-17
BCA-00965,-170.593702,2024-03-05
BCA-00966,610.725239,2024-08-21
BCA-00967,-937.671712,2024-01-21
BCA-00968,939.640972,2024-03-12
BCA-00969,-302.462459,2024-05-05
BCA-00970,11.536961,2024-04-01
BCA-00971,702.569280,2024-01-02
BCA-00972,-284.472370,2023-11-13
BCA-00973,-775.957444,2024-03-17
BCA-00974,310.275337,2024-05-21
BCA-00975,-220.517664,2023-09-10
BCA-00976,-352.274965,2024-02-25
BCA-00977,291.777961,2024-04-14
BCA-00978,875.245811,2024-07-07
BCA-00979,728.968296,2023-09-02
BCA-00980,289.930462,2024-03-23
BCA-00981,257.517420,2024-06-14
BCA-00982,-515.961355,2023-09-17
BCA-00983,-177.281047,2024-07-12
BCA-00984,532.313903,2023-10-23
BCA-00985,-946.352343,2023-09-10
BCA-00986,567.106387,2024-03-07
BCA-00987,-752.622584,2023-09-26
BCA-00988,-342.603049,2024-07-27
BCA-00989,548.037706,2024-08-14
BCA-00990,352.186628,2024-06-26
BCA-00991,-522.456379,2024-04-10
BCA-00992,177.419220,2024-02-28
BCA-00993,-991.860303,2024-04-03
BCA-00994,-910.939452,2024-04-13
BCA-00995,-463.358191,2024-01-31
BCA-00996,-731.298869,2023-09-21
BCA-00997,146.211777,2023-10-28
BCA-00998,-395.363402,2023-12-25
BCA-00999,534.234368,2024-05-29