trxID,amount,type,transactionTime
trx0000,139.888827,CREDIT,2024-06-28 23:16:47
trx0001,584.601913,CREDIT,2024-04-28 23:16:47
trx0002,481.440536,CREDIT,2024-06-03 23:16:47
trx0003,793.021127,DEBIT,2024-08-23 23:16:47
trx0004,491.093538,DEBIT,2024-01-16 23:16:47
trx0005,119.135274,CREDIT,2023-12-23 23:16:47
trx0006,397.212031,DEBIT,2023-11-07 23:16:47
trx0007,120.261926,CREDIT,2023-12-11 23:16:47
trx0008,82.036464,CREDIT,2024-06-15 23:16:47
trx0009,346.694928,DEBIT,2023-09-28 23:16:47
trx0010,476.775249,DEBIT,2023-10-21 23:16:47
trx0011,750.698864,DEBIT,2023-12-02 23:16:47
trx0012,301.190929,CREDIT,2024-02-20 23:16:47
trx0013,32.993365,DEBIT,2024-01-16 23:16:47
trx0014,772.145919,DEBIT,2024-08-24 23:16:47
trx0015,916.316008,DEBIT,2024-08-17 23:16:47
trx0016,726.381198,CREDIT,2024-06-08 23:16:47
trx0017,418.618486,DEBIT,2024-06-13 23:16:47
trx0018,125.729282,CREDIT,2024-07-26 23:16:47
trx0019,801.261780,CREDIT,2023-12-04 23:16:47
trx0020,671.974049,DEBIT,2024-06-27 23:16:47
trx0021,297.853057,CREDIT,2024-05-18 23:16:47
trx0022,725.639717,CREDIT,2023-09-15 23:16:47
trx0023,282.895955,CREDIT,2024-05-31 23:16:47
trx0024,25.693449,CREDIT,2024-08-02 23:16:47
trx0025,486.105318,CREDIT,2024-08-26 23:16:47
trx0026,883.184467,CREDIT,2023-10-18 23:16:47
trx0027,167.842613,DEBIT,2024-03-25 23:16:47
trx0028,774.721715,CREDIT,2023-09-06 23:16:47
trx0029,970.413196,CREDIT,2024-05-21 23:16:47
trx0030,43.775396,CREDIT,2024-01-25 23:16:47
trx0031,684.622290,DEBIT,2023-09-20 23:16:47
trx0032,907.390133,DEBIT,2023-12-10 23:16:47
trx0033,882.409404,DEBIT,2024-08-17 23:16:47
trx0034,506.433542,CREDIT,2024-05-24 23:16:47
trx0035,476.549856,DEBIT,2024-02-14 23:16:47
trx0036,955.150138,CREDIT,2024-04-24 23:16:47
trx0037,958.957095,CREDIT,2024-05-13 23:16:47
trx0038,434.751090,CREDIT,2024-02-27 23:16:47
trx0039,40.958994,CREDIT,2024-03-07 23:16:47
trx0040,806.268459,CREDIT,2024-02-17 23:16:47
trx0041,148.804093,DEBIT,2023-10-25 23:16:47
trx0042,217.870346,CREDIT,2023-09-08 23:16:47
trx0043,895.543069,DEBIT,2024-07-12 23:16:47
trx0044,858.537054,CREDIT,2023-10-25 23:16:47
trx0045,871.895054,DEBIT,2023-11-07 23:16:47
trx0046,855.862678,DEBIT,2024-04-06 23:16:47
trx0047,936.874107,CREDIT,2024-07-18 23:16:47
trx0048,219.910229,CREDIT,2024-04-21 23:16:47
trx0049,349.299747,CREDIT,2023-12-29 23:16:47
trx0050,937.676293,CREDIT,2023-10-01 23:16:47
trx0051,487.915937,CREDIT,2024-05-14 23:16:47
trx0052,253.899212,DEBIT,2024-06-19 23:16:47
trx0053,435.423211,DEBIT,2024-01-30 23:16:47
trx0054,818.607719,CREDIT,2024-05-30 23:16:47
trx0055,899.256200,CREDIT,2023-10-09 23:16:47
trx0056,518.450735,DEBIT,2024-07-17 23:16:47
trx0057,301.892679,CREDIT,2024-02-18 23:16:47
trx0058,76.217933,CREDIT,2024-02-14 23:16:47
trx0059,450.701403,DEBIT,2024-04-15 23:16:47
trx0060,444.391484,DEBIT,2024-06-13 23:16:47
trx0061,575.714319,CREDIT,2024-07-04 23:16:47
trx0062,528.067662,CREDIT,2024-05-12 23:16:47
trx0063,202.195051,DEBIT,2024-05-02 23:16:47
trx0064,378.675924,DEBIT,2024-07-18 23:16:47
trx0065,399.176742,DEBIT,2024-02-05 23:16:47
trx0066,620.751455,CREDIT,2024-03-15 23:16:47
trx0067,736.490286,CREDIT,2024-03-24 23:16:47
trx0068,984.850830,CREDIT,2024-06-22 23:16:47
trx0069,876.681072,DEBIT,2024-04-27 23:16:47
trx0070,470.667777,CREDIT,2024-07-26 23:16:47
trx0071,720.318640,DEBIT,2024-08-07 23:16:47
trx0072,338.518433,CREDIT,2024-05-06 23:16:47
trx0073,726.632070,CREDIT,2024-04-06 23:16:47
trx0074,770.521291,DEBIT,2023-10-14 23:16:47
trx0075,871.502281,CREDIT,2024-03-21 23:16:47
trx0076,512.927416,DEBIT,2024-03-23 23:16:47
trx0077,759.621708,CREDIT,2023-11-27 23:16:47
trx0078,401.667248,DEBIT,2024-08-10 23:16:47
trx0079,690.460812,DEBIT,2024-04-21 23:16:47
trx0080,542.956315,CREDIT,2024-07-31 23:16:47
trx0081,795.190433,DEBIT,2024-08-08 23:16:47
trx0082,324.534345,CREDIT,2024-01-26 23:16:47
trx0083,132.357105,DEBIT,2024-03-20 23:16:47
trx0084,37.710734,DEBIT,2023-11-30 23:16:47
trx0085,336.581457,DEBIT,2023-09-28 23:16:47
trx0086,482.271713,DEBIT,2023-12-21 23:16:47
trx0087,447.251986,DEBIT,2024-03-29 23:16:47
trx0088,724.362298,CREDIT,2024-06-19 23:16:47
trx0089,15.047918,CREDIT,2023-10-08 23:16:47
trx0090,405.613881,DEBIT,2023-11-08 23:16:47
trx0091,839.373456,CREDIT,2023-11-25 23:16:47
trx0092,233.744786,DEBIT,2024-06-06 23:16:47
trx0093,958.906488,CREDIT,2024-01-11 23:16:47
trx0094,973.407166,DEBIT,2024-07-31 23:16:47
trx0095,738.597239,DEBIT,2024-06-15 23:16:47
trx0096,690.266445,CREDIT,2024-08-03 23:16:47
trx0097,125.802905,DEBIT,2024-05-29 23:16:47
trx0098,35.005340,CREDIT,2023-12-10 23:16:47
trx0099,448.964814,DEBIT,2023-11-04 23:16:47
trx0100,326.193450,DEBIT,2023-10-23 23:16:47
trx0101,949.692729,DEBIT,2024-01-03 23:16:47
trx0102,797.639921,CREDIT,2024-01-12 23:16:47
trx0103,531.542409,CREDIT,2024-08-01 23:16:47
trx0104,233.935871,DEBIT,2024-01-08 23:16:47
trx0105,222.992341,CREDIT,2023-12-30 23:16:47
trx0106,692.659806,CREDIT,2024-08-17 23:16:47
trx0107,720.044816,CREDIT,2024-07-24 23:16:47
trx0108,271.183766,DEBIT,2023-11-30 23:16:47
trx0109,372.674007,DEBIT,2023-12-08 23:16:47
trx0110,164.206213,DEBIT,2023-10-15 23:16:47
trx0111,603.915691,CREDIT,2024-01-07 23:16:47
trx0112,546.245934,CREDIT,2024-08-11 23:16:47
trx0113,71.253028,CREDIT,2024-08-02 23:16:47
trx0114,810.659495,DEBIT,2024-05-13 23:16:47
trx0115,909.353568,CREDIT,2023-09-30 23:16:47
trx0116,324.896922,CREDIT,2023-11-28 23:16:47
trx0117,429.941288,DEBIT,2024-05-12 23:16:47
trx0118,680.912404,CREDIT,2024-07-04 23:16:47
trx0119,585.892066,CREDIT,2023-12-18 23:16:47
trx0120,609.940114,DEBIT,2024-07-18 23:16:47
trx0121,655.550306,CREDIT,2023-10-09 23:16:47
trx0122,723.519222,CREDIT,2024-03-21 23:16:47
trx0123,543.229901,DEBIT,2024-01-29 23:16:47
trx0124,798.139516,DEBIT,2024-03-05 23:16:47
trx0125,759.407694,CREDIT,2023-09-11 23:16:47
trx0126,952.483597,DEBIT,2023-09-27 23:16:47
trx0127,454.904888,DEBIT,2024-08-06 23:16:47
trx0128,462.905285,DEBIT,2023-10-30 23:16:47
trx0129,910.331608,DEBIT,2023-09-14 23:16:47
trx0130,654.699936,CREDIT,2023-10-27 23:16:47
trx0131,75.979726,DEBIT,2023-10-20 23:16:47
trx0132,123.410439,CREDIT,2023-11-16 23:16:47
trx0133,49.300284,DEBIT,2024-06-01 23:16:47
trx0134,405.152182,CREDIT,2024-03-01 23:16:47
trx0135,630.012985,DEBIT,2024-01-31 23:16:47
trx0136,705.708692,CREDIT,2024-07-17 23:16:47
trx0137,437.001449,CREDIT,2024-03-26 23:16:47
trx0138,21.728833,CREDIT,2024-08-08 23:16:47
trx0139,778.013955,DEBIT,2024-02-20 23:16:47
trx0140,991.881156,DEBIT,2023-09-27 23:16:47
trx0141,258.577219,CREDIT,2024-04-14 23:16:47
trx0142,471.816189,CREDIT,2023-11-16 23:16:47
trx0143,457.496261,DEBIT,2023-11-26 23:16:47
trx0144,847.742058,DEBIT,2024-08-28 23:16:47
trx0145,5.325525,CREDIT,2023-10-21 23:16:47
trx0146,607.143526,CREDIT,2024-04-29 23:16:47
trx0147,29.288200,DEBIT,2023-11-02 23:16:47
trx0148,145.004623,CREDIT,2024-03-06 23:16:47
trx0149,534.217197,DEBIT,2023-09-18 23:16:47
trx0150,708.669351,DEBIT,2024-02-01 23:16:47
trx0151,397.460451,DEBIT,2023-09-20 23:16:47
trx0152,50.608285,CREDIT,2023-10-19 23:16:47
trx0153,94.951611,CREDIT,2023-09-08 23:16:47
trx0154,838.609888,CREDIT,2023-10-14 23:16:47
trx0155,854.687506,CREDIT,2024-04-18 23:16:47
trx0156,885.290978,DEBIT,2023-12-10 23:16:47
trx0157,663.096588,CREDIT,2023-11-16 23:16:47
trx0158,671.207117,CREDIT,2023-11-20 23:16:47
trx0159,854.268725,CREDIT,2023-12-04 23:16:47
trx0160,735.462293,DEBIT,2023-10-06 23:16:47
trx0161,635.724001,CREDIT,2024-01-15 23:16:47
trx0162,974.147016,DEBIT,2023-09-07 23:16:47
trx0163,689.513784,CREDIT,2024-05-17 23:16:47
trx0164,289.959631,DEBIT,2024-05-11 23:16:47
trx0165,107.301682,DEBIT,2024-04-21 23:16:47
trx0166,788.790653,DEBIT,2024-01-24 23:16:47
trx0167,519.309796,DEBIT,2023-12-29 23:16:47
trx0168,384.769378,CREDIT,2023-11-30 23:16:47
trx0169,151.436037,DEBIT,2023-10-21 23:16:47
trx0170,481.571658,DEBIT,2023-09-05 23:16:47
trx0171,150.810434,DEBIT,2024-06-08 23:16:47
trx0172,304.020344,DEBIT,2024-01-01 23:16:47
trx0173,234.757093,DEBIT,2023-12-09 23:16:47
trx0174,438.915391,DEBIT,2024-08-26 23:16:47
trx0175,835.224272,CREDIT,2024-02-04 23:16:47
trx0176,176.533255,DEBIT,2024-05-02 23:16:47
trx0177,199.870308,CREDIT,2023-11-24 23:16:47
trx0178,845.607770,DEBIT,2024-01-13 23:16:47
trx0179,741.440722,CREDIT,2024-08-14 23:16:47
trx0180,407.558310,DEBIT,2024-01-29 23:16:47
trx0181,52.025720,CREDIT,2024-06-22 23:16:47
trx0182,684.069233,CREDIT,2024-05-15 23:16:47
trx0183,9.786462,DEBIT,2023-10-28 23:16:47
trx0184,241.261784,CREDIT,2024-08-13 23:16:47
trx0185,71.504564,CREDIT,2024-04-15 23:16:47
trx0186,366.545411,DEBIT,2024-07-24 23:16:47
trx0187,493.387088,DEBIT,2024-04-19 23:16:47
trx0188,9.534673,DEBIT,2023-12-06 23:16:47
trx0189,872.513238,DEBIT,2024-04-27 23:16:47
trx0190,807.073373,CREDIT,2024-05-26 23:16:47
trx0191,458.864583,CREDIT,2023-10-06 23:16:47
trx0192,920.613483,DEBIT,2023-10-11 23:16:47
trx0193,798.664273,DEBIT,2024-01-29 23:16:47
trx0194,880.560951,DEBIT,2023-09-18 23:16:47
trx0195,446.556940,DEBIT,2024-03-19 23:16:47
trx0196,780.503169,DEBIT,2024-04-26 23:16:47
trx0197,53.146150,DEBIT,2023-10-14 23:16:47
trx0198,731.442535,DEBIT,2024-07-25 23:16:47
trx0199,555.019318,CREDIT,2024-06-20 23:16:47
trx0200,501.827914,CREDIT,2024-06-04 23:16:47
trx0201,35.657268,DEBIT,2024-04-22 23:16:47
trx0202,838.418508,DEBIT,2024-08-05 23:16:47
trx0203,835.456149,CREDIT,2024-01-03 23:16:47
trx0204,837.460801,CREDIT,2024-02-02 23:16:47
trx0205,929.756161,CREDIT,2023-12-31 23:16:47
trx0206,188.653018,DEBIT,2023-12-13 23:16:47
trx0207,960.497486,CREDIT,2024-07-01 23:16:47
trx0208,659.264450,CREDIT,2024-01-01 23:16:47
trx0209,455.724125,DEBIT,2024-04-25 23:16:47
trx0210,288.878363,CREDIT,2023-12-01 23:16:47
trx0211,932.917724,DEBIT,2024-08-21 23:16:47
trx0212,775.923195,CREDIT,2023-11-05 23:16:47
trx0213,441.698326,CREDIT,2023-12-09 23:16:47
trx0214,87.225921,CREDIT,2024-04-16 23:16:47
trx0215,716.358954,CREDIT,2024-01-14 23:16:47
trx0216,497.247279,DEBIT,2024-03-18 23:16:47
trx0217,354.517972,CREDIT,2023-11-21 23:16:47
trx0218,697.649164,CREDIT,2024-07-02 23:16:47
trx0219,819.434770,CREDIT,2024-05-06 23:16:47
trx0220,618.314661,DEBIT,2024-02-14 23:16:47
trx0221,802.579873,DEBIT,2024-04-22 23:16:47
trx0222,794.921789,CREDIT,2023-12-23 23:16:47
trx0223,10.218502,CREDIT,2024-02-01 23:16:47
trx0224,987.900009,CREDIT,2024-06-13 23:16:47
trx0225,431.721488,DEBIT,2024-05-26 23:16:47
trx0226,95.099144,CREDIT,2024-04-23 23:16:47
trx0227,367.015047,DEBIT,2024-07-30 23:16:47
trx0228,686.332257,CREDIT,2023-09-08 23:16:47
trx0229,882.733740,DEBIT,2024-06-09 23:16:47
trx0230,501.940400,DEBIT,2024-01-21 23:16:47
trx0231,256.336248,CREDIT,2024-03-28 23:16:47
trx0232,904.857901,DEBIT,2024-02-27 23:16:47
trx0233,827.958894,DEBIT,2023-12-18 23:16:47
trx0234,622.057691,DEBIT,2024-06-07 23:16:47
trx0235,981.040346,CREDIT,2024-03-28 23:16:47
trx0236,602.874768,DEBIT,2023-09-25 23:16:47
trx0237,876.124191,CREDIT,2024-07-09 23:16:47
trx0238,136.579224,DEBIT,2024-07-28 23:16:47
trx0239,89.814589,CREDIT,2023-09-27 23:16:47
trx0240,800.220736,DEBIT,2024-01-29 23:16:47
trx0241,281.621311,DEBIT,2023-10-20 23:16:47
trx0242,261.740034,DEBIT,2024-05-06 23:16:47
trx0243,457.153656,CREDIT,2023-10-24 23:16:47
trx0244,185.911298,DEBIT,2024-04-12 23:16:47
trx0245,947.044859,DEBIT,2024-08-05 23:16:47
trx0246,101.147094,DEBIT,2024-06-06 23:16:47
trx0247,609.620995,DEBIT,2024-03-02 23:16:47
trx0248,170.898111,DEBIT,2024-03-16 23:16:47
trx0249,33.870378,CREDIT,2024-01-13 23:16:47
trx0250,846.469694,DEBIT,2023-11-18 23:16:47
trx0251,711.211579,DEBIT,2023-10-14 23:16:47
trx0252,106.547956,CREDIT,2024-01-18 23:16:47
trx0253,15.061816,DEBIT,2023-09-10 23:16:47
trx0254,317.428243,DEBIT,2024-02-08 23:16:47
trx0255,823.237649,DEBIT,2023-09-06 23:16:47
trx0256,454.408802,DEBIT,2024-01-27 23:16:47
trx0257,592.515428,DEBIT,2024-02-04 23:16:47
trx0258,817.162244,CREDIT,2024-06-08 23:16:47
trx0259,961.543307,CREDIT,2024-02-07 23:16:47
trx0260,107.169432,DEBIT,2024-01-23 23:16:47
trx0261,181.290152,CREDIT,2024-04-30 23:16:47
trx0262,414.685836,CREDIT,2023-10-17 23:16:47
trx0263,702.735479,CREDIT,2023-11-13 23:16:47
trx0264,751.119541,DEBIT,2024-05-30 23:16:47
trx0265,452.761413,CREDIT,2023-12-14 23:16:47
trx0266,853.621488,DEBIT,2023-10-27 23:16:47
trx0267,292.574075,DEBIT,2024-05-09 23:16:47
trx0268,896.963675,CREDIT,2024-01-25 23:16:47
trx0269,110.927902,CREDIT,2024-04-25 23:16:47
trx0270,900.039815,CREDIT,2023-12-22 23:16:47
trx0271,231.489526,CREDIT,2023-12-19 23:16:47
trx0272,837.771808,DEBIT,2024-01-06 23:16:47
trx0273,173.229573,CREDIT,2023-09-10 23:16:47
trx0274,506.441633,DEBIT,2023-09-22 23:16:47
trx0275,234.245823,DEBIT,2024-02-20 23:16:47
trx0276,990.254445,CREDIT,2024-04-26 23:16:47
trx0277,399.738633,DEBIT,2024-06-07 23:16:47
trx0278,213.807809,DEBIT,2023-10-03 23:16:47
trx0279,175.598520,CREDIT,2023-11-23 23:16:47
trx0280,345.578385,DEBIT,2024-03-12 23:16:47
trx0281,315.684147,DEBIT,2023-12-11 23:16:47
trx0282,772.270393,DEBIT,2024-03-26 23:16:47
trx0283,873.061012,CREDIT,2023-10-03 23:16:47
trx0284,222.002581,DEBIT,2024-03-11 23:16:47
trx0285,107.445420,CREDIT,2024-03-17 23:16:47
trx0286,448.237813,DEBIT,2024-06-10 23:16:47
trx0287,691.463551,DEBIT,2023-09-21 23:16:47
trx0288,877.758207,DEBIT,2024-07-13 23:16:47
trx0289,851.985692,DEBIT,2024-06-11 23:16:47
trx0290,271.852895,CREDIT,2024-06-14 23:16:47
trx0291,272.979305,DEBIT,2023-12-06 23:16:47
trx0292,801.989381,DEBIT,2023-09-01 23:16:47
trx0293,872.801313,CREDIT,2024-04-27 23:16:47
trx0294,288.184311,DEBIT,2023-10-05 23:16:47
trx0295,246.004415,DEBIT,2023-12-12 23:16:47
trx0296,848.833097,CREDIT,2024-06-15 23:16:47
trx0297,384.154640,CREDIT,2023-10-19 23:16:47
trx0298,392.431188,CREDIT,2024-04-18 23:16:47
trx0299,384.897467,CREDIT,2023-12-08 23:16:47
trx0300,818.148388,CREDIT,2023-12-07 23:16:47
trx0301,928.419105,DEBIT,2024-04-26 23:16:47
trx0302,836.006465,CREDIT,2024-04-11 23:16:47
trx0303,709.077973,DEBIT,2024-02-26 23:16:47
trx0304,23.639494,DEBIT,2024-07-20 23:16:47
trx0305,965.129354,DEBIT,2023-11-20 23:16:47
trx0306,759.828207,CREDIT,2023-10-21 23:16:47
trx0307,191.541313,DEBIT,2024-03-05 23:16:47
trx0308,385.461993,CREDIT,2024-04-28 23:16:47
trx0309,564.377037,CREDIT,2023-10-16 23:16:47
trx0310,148.098587,CREDIT,2024-02-24 23:16:47
trx0311,470.970629,DEBIT,2024-08-03 23:16:47
trx0312,433.268427,CREDIT,2023-11-19 23:16:47
trx0313,494.273892,CREDIT,2023-12-27 23:16:47
trx0314,759.156385,DEBIT,2024-04-09 23:16:47
trx0315,157.479884,DEBIT,2024-02-08 23:16:47
trx0316,698.560374,CREDIT,2023-10-23 23:16:47
trx0317,622.346772,CREDIT,2024-01-27 23:16:47
trx0318,901.422783,DEBIT,2023-12-14 23:16:47
trx0319,382.412317,CREDIT,2024-04-19 23:16:47
trx0320,718.464890,CREDIT,2023-10-06 23:16:47
trx0321,4.270424,CREDIT,2023-12-21 23:16:47
trx0322,403.701459,DEBIT,2024-02-11 23:16:47
trx0323,561.563103,DEBIT,2024-06-20 23:16:47
trx0324,765.963159,CREDIT,2024-07-09 23:16:47
trx0325,605.109767,DEBIT,2024-05-28 23:16:47
trx0326,477.135227,DEBIT,2024-07-05 23:16:47
trx0327,49.755870,DEBIT,2023-10-24 23:16:47
trx0328,428.413418,CREDIT,2024-02-29 23:16:47
trx0329,940.398275,CREDIT,2023-11-03 23:16:47
trx0330,324.708124,DEBIT,2023-10-21 23:16:47
trx0331,889.837856,CREDIT,2024-08-19 23:16:47
trx0332,435.759386,CREDIT,2023-09-27 23:16:47
trx0333,354.204432,CREDIT,2023-11-29 23:16:47
trx0334,998.586433,DEBIT,2024-05-16 23:16:47
trx0335,852.770065,DEBIT,2023-11-01 23:16:47
trx0336,57.483439,CREDIT,2024-05-02 23:16:47
trx0337,580.004990,DEBIT,2023-10-28 23:16:47
trx0338,627.643988,CREDIT,2023-12-01 23:16:47
trx0339,104.574902,CREDIT,2023-10-25 23:16:47
trx0340,716.486157,DEBIT,2024-04-15 23:16:47
trx0341,959.014976,CREDIT,2024-04-13 23:16:47
trx0342,79.801759,DEBIT,2024-03-29 23:16:47
trx0343,449.357875,DEBIT,2024-06-11 23:16:47
trx0344,984.028087,CREDIT,2024-01-20 23:16:47
trx0345,535.413646,DEBIT,2024-05-01 23:16:47
trx0346,798.803269,CREDIT,2024-05-29 23:16:47
trx0347,584.691255,CREDIT,2024-07-09 23:16:47
trx0348,204.276719,DEBIT,2024-07-23 23:16:47
trx0349,789.860970,CREDIT,2023-10-20 23:16:47
trx0350,707.730145,CREDIT,2023-11-27 23:16:47
trx0351,337.268797,CREDIT,2024-06-26 23:16:47
trx0352,739.127078,CREDIT,2023-11-15 23:16:47
trx0353,520.231141,CREDIT,2023-10-03 23:16:47
trx0354,961.123275,DEBIT,2024-01-10 23:16:47
trx0355,32.637536,DEBIT,2024-08-14 23:16:47
trx0356,566.615592,DEBIT,2023-12-18 23:16:47
trx0357,533.507513,DEBIT,2024-04-06 23:16:47
trx0358,905.875518,DEBIT,2024-07-05 23:16:47
trx0359,347.536487,CREDIT,2024-06-05 23:16:47
trx0360,62.578919,DEBIT,2023-12-21 23:16:47
trx0361,205.024882,CREDIT,2024-06-15 23:16:47
trx0362,69.164997,CREDIT,2024-06-07 23:16:47
trx0363,51.586765,CREDIT,2023-12-15 23:16:47
trx0364,535.284902,CREDIT,2023-11-13 23:16:47
trx0365,572.283202,DEBIT,2023-12-25 23:16:47
trx0366,429.054697,DEBIT,2024-05-03 23:16:47
trx0367,911.514203,DEBIT,2023-09-15 23:16:47
trx0368,122.274741,CREDIT,2023-12-04 23:16:47
trx0369,874.702084,CREDIT,2023-11-05 23:16:47
trx0370,779.904544,CREDIT,2023-10-03 23:16:47
trx0371,643.098184,CREDIT,2024-04-09 23:16:47
trx0372,378.737397,DEBIT,2024-02-03 23:16:47
trx0373,695.470603,CREDIT,2023-12-29 23:16:47
trx0374,528.579018,DEBIT,2023-09-11 23:16:47
trx0375,157.393744,CREDIT,2023-11-29 23:16:47
trx0376,353.626704,CREDIT,2024-05-02 23:16:47
trx0377,943.355799,DEBIT,2023-12-15 23:16:47
trx0378,708.319213,CREDIT,2024-06-05 23:16:47
trx0379,119.375656,CREDIT,2024-02-01 23:16:47
trx0380,991.508496,CREDIT,2023-10-09 23:16:47
trx0381,927.988117,CREDIT,2023-11-19 23:16:47
trx0382,133.590599,DEBIT,2024-03-01 23:16:47
trx0383,130.701381,DEBIT,2024-04-14 23:16:47
trx0384,749.297519,CREDIT,2024-07-14 23:16:47
trx0385,883.550890,CREDIT,2024-05-31 23:16:47
trx0386,262.560133,CREDIT,2024-06-18 23:16:47
trx0387,7.757780,CREDIT,2024-02-03 23:16:47
trx0388,895.421023,CREDIT,2024-06-24 23:16:47
trx0389,573.924015,CREDIT,2024-05-26 23:16:47
trx0390,82.303028,CREDIT,2024-04-07 23:16:47
trx0391,200.892892,DEBIT,2024-07-28 23:16:47
trx0392,494.710735,CREDIT,2024-08-08 23:16:47
trx0393,127.142585,DEBIT,2023-11-19 23:16:47
trx0394,245.453918,CREDIT,2024-06-28 23:16:47
trx0395,508.980314,CREDIT,2023-12-25 23:16:47
trx0396,477.166911,DEBIT,2024-08-09 23:16:47
trx0397,795.011577,DEBIT,2024-02-08 23:16:47
trx0398,774.796795,CREDIT,2023-12-02 23:16:47
trx0399,318.110525,CREDIT,2024-04-27 23:16:47
trx0400,223.087632,CREDIT,2023-10-21 23:16:47
trx0401,375.151748,DEBIT,2024-05-09 23:16:47
trx0402,695.418392,CREDIT,2024-07-13 23:16:47
trx0403,819.608825,CREDIT,2024-05-22 23:16:47
trx0404,523.202229,CREDIT,2023-09-25 23:16:47
trx0405,234.774310,DEBIT,2024-04-03 23:16:47
trx0406,6.968173,CREDIT,2024-02-07 23:16:47
trx0407,249.125905,DEBIT,2023-11-25 23:16:47
trx0408,446.302715,DEBIT,2024-07-28 23:16:47
trx0409,376.231438,DEBIT,2023-10-11 23:16:47
trx0410,591.021420,CREDIT,2024-03-28 23:16:47
trx0411,420.410304,DEBIT,2024-01-08 23:16:47
trx0412,867.951192,CREDIT,2023-12-20 23:16:47
trx0413,723.797551,DEBIT,2023-09-11 23:16:47
trx0414,509.599656,DEBIT,2024-06-03 23:16:47
trx0415,18.043481,CREDIT,2024-07-07 23:16:47
trx0416,298.821000,DEBIT,2024-06-23 23:16:47
trx0417,709.219779,CREDIT,2024-08-10 23:16:47
trx0418,342.254162,DEBIT,2024-03-19 23:16:47
trx0419,571.431017,DEBIT,2023-12-24 23:16:47
trx0420,349.813569,CREDIT,2023-12-07 23:16:47
trx0421,179.898531,CREDIT,2023-10-19 23:16:47
trx0422,285.077537,DEBIT,2023-09-06 23:16:47
trx0423,190.960342,CREDIT,2024-06-29 23:16:47
trx0424,32.675398,DEBIT,2023-09-09 23:16:47
trx0425,600.055891,DEBIT,2024-04-19 23:16:47
trx0426,489.132751,DEBIT,2024-07-29 23:16:47
trx0427,140.151888,CREDIT,2023-12-18 23:16:47
trx0428,336.158390,CREDIT,2024-05-16 23:16:47
trx0429,13.446462,CREDIT,2023-09-06 23:16:47
trx0430,274.122659,CREDIT,2024-06-01 23:16:47
trx0431,183.652658,CREDIT,2023-11-09 23:16:47
trx0432,135.695396,DEBIT,2024-02-10 23:16:47
trx0433,281.792616,CREDIT,2024-04-25 23:16:47
trx0434,263.421054,DEBIT,2024-07-24 23:16:47
trx0435,459.712203,DEBIT,2024-06-24 23:16:47
trx0436,523.407538,DEBIT,2024-06-06 23:16:47
trx0437,359.499587,DEBIT,2024-05-23 23:16:47
trx0438,483.866284,CREDIT,2023-09-12 23:16:47
trx0439,786.138049,CREDIT,2023-12-03 23:16:47
trx0440,626.706053,CREDIT,2024-02-02 23:16:47
trx0441,44.749506,CREDIT,2024-04-30 23:16:47
trx0442,35.865577,CREDIT,2024-05-23 23:16:47
trx0443,976.998342,CREDIT,2024-04-29 23:16:47
trx0444,351.831695,DEBIT,2024-08-28 23:16:47
trx0445,641.601028,DEBIT,2024-08-21 23:16:47
trx0446,686.885829,CREDIT,2023-12-25 23:16:47
trx0447,596.708204,DEBIT,2023-12-05 23:16:47
trx0448,110.195259,DEBIT,2024-05-02 23:16:47
trx0449,588.935555,CREDIT,2024-06-05 23:16:47
trx0450,157.885233,DEBIT,2024-02-26 23:16:47
trx0451,665.203600,CREDIT,2024-01-14 23:16:47
trx0452,194.157027,DEBIT,2024-03-31 23:16:47
trx0453,343.979335,DEBIT,2023-10-19 23:16:47
trx0454,25.660271,DEBIT,2024-08-18 23:16:47
trx0455,737.325051,CREDIT,2024-04-02 23:16:47
trx0456,68.516841,DEBIT,2024-02-09 23:16:47
trx0457,61.621520,CREDIT,2023-09-27 23:16:47
trx0458,573.182061,CREDIT,2024-08-20 23:16:47
trx0459,14.256311,DEBIT,2024-04-05 23:16:47
trx0460,209.181720,DEBIT,2024-04-20 23:16:47
trx0461,544.273602,CREDIT,2023-12-13 23:16:47
trx0462,893.378859,DEBIT,2023-11-10 23:16:47
trx0463,267.378110,DEBIT,2023-10-15 23:16:47
trx0464,748.678292,DEBIT,2023-10-24 23:16:47
trx0465,102.031251,CREDIT,2023-09-26 23:16:47
trx0466,282.970133,DEBIT,2024-05-01 23:16:47
trx0467,949.573371,DEBIT,2024-04-26 23:16:47
trx0468,180.318444,DEBIT,2024-02-19 23:16:47
trx0469,242.965570,CREDIT,2023-11-23 23:16:47
trx0470,842.683062,CREDIT,2023-09-10 23:16:47
trx0471,563.319488,DEBIT,2023-12-08 23:16:47
trx0472,501.202309,DEBIT,2023-09-17 23:16:47
trx0473,652.193464,CREDIT,2024-05-23 23:16:47
trx0474,40.360152,CREDIT,2024-02-11 23:16:47
trx0475,113.483721,DEBIT,2023-09-28 23:16:47
trx0476,126.948846,CREDIT,2024-04-28 23:16:47
trx0477,199.569593,CREDIT,2023-12-15 23:16:47
trx0478,238.960403,CREDIT,2023-09-25 23:16:47
trx0479,713.953794,CREDIT,2023-10-24 23:16:47
trx0480,188.375766,DEBIT,2024-05-30 23:16:47
trx0481,210.689490,CREDIT,2024-06-25 23:16:47
trx0482,716.045794,DEBIT,2024-01-15 23:16:47
trx0483,261.765472,DEBIT,2023-12-01 23:16:47
trx0484,633.753648,CREDIT,2023-11-13 23:16:47
trx0485,589.119532,DEBIT,2024-05-14 23:16:47
trx0486,264.386311,CREDIT,2024-02-17 23:16:47
trx0487,878.892534,CREDIT,2024-01-25 23:16:47
trx0488,447.364338,DEBIT,2023-10-30 23:16:47
trx0489,915.963082,DEBIT,2024-02-23 23:16:47
trx0490,527.309713,CREDIT,2024-05-30 23:16:47
trx0491,224.055783,CREDIT,2024-03-22 23:16:47
trx0492,454.642508,CREDIT,2024-06-19 23:16:47
trx0493,404.171732,DEBIT,2023-12-15 23:16:47
trx0494,769.170947,CREDIT,2024-08-21 23:16:47
trx0495,92.141197,CREDIT,2024-08-11 23:16:47
trx0496,675.945027,DEBIT,2023-11-08 23:16:47
trx0497,939.739856,DEBIT,2024-06-21 23:16:47
trx0498,91.772888,DEBIT,2024-07-14 23:16:47
trx0499,98.293066,CREDIT,2024-08-14 23:16:47
trx0500,279.311519,DEBIT,2024-05-06 23:16:47
trx0501,856.057011,DEBIT,2024-08-30 23:16:47
trx0502,177.736721,DEBIT,2023-10-10 23:16:47
trx0503,360.289501,CREDIT,2023-10-05 23:16:47
trx0504,591.556662,DEBIT,2024-06-17 23:16:47
trx0505,663.578545,CREDIT,2024-01-18 23:16:47
trx0506,319.348561,CREDIT,2024-08-08 23:16:47
trx0507,820.215465,DEBIT,2023-09-04 23:16:47
trx0508,370.862787,DEBIT,2024-03-23 23:16:47
trx0509,309.200465,DEBIT,2024-06-04 23:16:47
trx0510,418.234828,CREDIT,2024-01-02 23:16:47
trx0511,210.098238,CREDIT,2024-03-22 23:16:47
trx0512,519.682019,CREDIT,2024-07-15 23:16:47
trx0513,738.143039,CREDIT,2023-12-07 23:16:47
trx0514,962.212163,CREDIT,2024-01-28 23:16:47
trx0515,48.598831,CREDIT,2024-04-28 23:16:47
trx0516,881.593060,CREDIT,2024-01-27 23:16:47
trx0517,573.435457,DEBIT,2024-01-31 23:16:47
trx0518,818.129307,CREDIT,2024-08-22 23:16:47
trx0519,854.697206,DEBIT,2023-09-26 23:16:47
trx0520,719.104949,CREDIT,2023-12-06 23:16:47
trx0521,979.201071,DEBIT,2024-05-14 23:16:47
trx0522,253.183752,CREDIT,2023-09-02 23:16:47
trx0523,461.675920,CREDIT,2024-02-06 23:16:47
trx0524,589.497980,CREDIT,2024-04-18 23:16:47
trx0525,353.832718,DEBIT,2024-06-01 23:16:47
trx0526,386.306167,DEBIT,2024-05-19 23:16:47
trx0527,272.116221,DEBIT,2024-02-07 23:16:47
trx0528,875.115560,CREDIT,2024-02-02 23:16:47
trx0529,420.924560,DEBIT,2023-10-04 23:16:47
trx0530,408.486884,DEBIT,2023-11-02 23:16:47
trx0531,448.441698,CREDIT,2023-10-21 23:16:47
trx0532,420.716447,DEBIT,2023-09-17 23:16:47
trx0533,833.781685,DEBIT,2023-12-14 23:16:47
trx0534,895.876995,DEBIT,2024-07-09 23:16:47
trx0535,681.639185,DEBIT,2024-05-30 23:16:47
trx0536,241.462445,CREDIT,2023-11-10 23:16:47
trx0537,622.344916,CREDIT,2024-04-15 23:16:47
trx0538,370.194021,DEBIT,2024-03-16 23:16:47
trx0539,504.908726,CREDIT,2024-03-28 23:16:47
trx0540,86.549639,CREDIT,2024-03-19 23:16:47
trx0541,84.447167,CREDIT,2024-07-01 23:16:47
trx0542,544.909223,CREDIT,2023-12-28 23:16:47
trx0543,418.755241,DEBIT,2023-11-01 23:16:47
trx0544,281.324894,DEBIT,2023-09-03 23:16:47
trx0545,357.598035,DEBIT,2023-09-23 23:16:47
trx0546,919.937806,DEBIT,2024-02-21 23:16:47
trx0547,700.166535,CREDIT,2023-12-18 23:16:47
trx0548,322.870595,DEBIT,2024-02-25 23:16:47
trx0549,62.381010,CREDIT,2023-10-02 23:16:47
trx0550,625.069748,DEBIT,2024-04-11 23:16:47
trx0551,289.911344,CREDIT,2023-12-26 23:16:47
trx0552,187.469494,DEBIT,2023-11-07 23:16:47
trx0553,133.218872,DEBIT,2024-07-25 23:16:47
trx0554,249.929760,CREDIT,2024-04-06 23:16:47
trx0555,592.551086,CREDIT,2024-05-16 23:16:47
trx0556,299.971011,CREDIT,2023-12-04 23:16:47
trx0557,14.349808,CREDIT,2024-07-04 23:16:47
trx0558,394.937617,DEBIT,2023-11-25 23:16:47
trx0559,115.814483,DEBIT,2023-10-26 23:16:47
trx0560,921.408499,CREDIT,2023-10-28 23:16:47
trx0561,926.355153,CREDIT,2024-05-07 23:16:47
trx0562,52.380591,DEBIT,2024-07-25 23:16:47
trx0563,714.440195,DEBIT,2023-12-14 23:16:47
trx0564,331.878815,CREDIT,2023-10-30 23:16:47
trx0565,974.851099,DEBIT,2023-11-30 23:16:47
trx0566,304.953507,CREDIT,2024-05-31 23:16:47
trx0567,630.972184,DEBIT,2023-12-16 23:16:47
trx0568,538.514945,DEBIT,2024-01-27 23:16:47
trx0569,500.204378,DEBIT,2023-12-18 23:16:47
trx0570,649.496787,CREDIT,2023-11-24 23:16:47
trx0571,831.982446,DEBIT,2024-05-03 23:16:47
trx0572,294.248666,CREDIT,2024-06-03 23:16:47
trx0573,174.444908,CREDIT,2024-01-13 23:16:47
trx0574,810.724450,DEBIT,2024-06-03 23:16:47
trx0575,497.756881,CREDIT,2023-12-20 23:16:47
trx0576,211.150670,CREDIT,2024-04-11 23:16:47
trx0577,845.547216,CREDIT,2023-12-18 23:16:47
trx0578,838.504261,CREDIT,2024-04-09 23:16:47
trx0579,352.175945,CREDIT,2024-04-28 23:16:47
trx0580,571.647566,DEBIT,2023-11-02 23:16:47
trx0581,429.487675,DEBIT,2024-03-06 23:16:47
trx0582,14.142682,DEBIT,2023-12-04 23:16:47
trx0583,946.884303,DEBIT,2024-08-07 23:16:47
trx0584,118.515532,CREDIT,2024-01-15 23:16:47
trx0585,368.223451,DEBIT,2023-09-11 23:16:47
trx0586,491.482516,DEBIT,2024-04-27 23:16:47
trx0587,456.142186,DEBIT,2024-08-21 23:16:47
trx0588,229.778500,DEBIT,2023-12-02 23:16:47
trx0589,350.088321,DEBIT,2023-09-15 23:16:47
trx0590,349.611556,CREDIT,2023-09-23 23:16:47
trx0591,640.729739,CREDIT,2024-07-08 23:16:47
trx0592,14.477781,CREDIT,2023-09-07 23:16:47
trx0593,551.840757,CREDIT,2023-11-18 23:16:47
trx0594,69.579574,DEBIT,2023-10-09 23:16:47
trx0595,201.019532,CREDIT,2024-07-25 23:16:47
trx0596,797.635403,DEBIT,2024-08-01 23:16:47
trx0597,41.901293,DEBIT,2023-10-31 23:16:47
trx0598,934.200637,CREDIT,2024-07-12 23:16:47
trx0599,921.268632,CREDIT,2024-05-29 23:16:47
trx0600,499.442389,DEBIT,2023-12-08 23:16:47
trx0601,450.555250,DEBIT,2023-11-30 23:16:47
trx0602,82.948011,CREDIT,2023-11-18 23:16:47
trx0603,711.625357,DEBIT,2023-10-09 23:16:47
trx0604,644.304856,CREDIT,2024-01-16 23:16:47
trx0605,198.767300,DEBIT,2023-09-03 23:16:47
trx0606,508.721296,CREDIT,2024-05-21 23:16:47
trx0607,983.086767,DEBIT,2024-05-12 23:16:47
trx0608,690.280097,DEBIT,2024-07-19 23:16:47
trx0609,572.856229,DEBIT,2024-02-17 23:16:47
trx0610,928.642565,CREDIT,2023-11-21 23:16:47
trx0611,235.712987,DEBIT,2023-11-19 23:16:47
trx0612,338.945412,DEBIT,2024-08-30 23:16:47
trx0613,322.291471,DEBIT,2023-10-06 23:16:47
trx0614,57.218474,CREDIT,2024-05-16 23:16:47
trx0615,84.954316,DEBIT,2023-12-26 23:16:47
trx0616,67.287797,DEBIT,2023-10-09 23:16:47
trx0617,240.585228,DEBIT,2024-08-01 23:16:47
trx0618,532.238557,DEBIT,2024-06-08 23:16:47
trx0619,646.842115,DEBIT,2024-08-28 23:16:47
trx0620,428.859450,DEBIT,2023-12-02 23:16:47
trx0621,843.469143,CREDIT,2024-02-19 23:16:47
trx0622,171.383910,CREDIT,2023-10-02 23:16:47
trx0623,562.012164,CREDIT,2024-08-30 23:16:47
trx0624,149.635607,CREDIT,2024-06-22 23:16:47
trx0625,621.492320,DEBIT,2024-07-07 23:16:47
trx0626,310.915393,DEBIT,2024-06-06 23:16:47
trx0627,432.681576,CREDIT,2024-05-06 23:16:47
trx0628,136.867853,DEBIT,2024-02-06 23:16:47
trx0629,612.712760,DEBIT,2023-11-03 23:16:47
trx0630,0.543867,DEBIT,2023-09-22 23:16:47
trx0631,424.411218,DEBIT,2023-10-17 23:16:47
trx0632,613.327609,DEBIT,2024-04-15 23:16:47
trx0633,584.880256,CREDIT,2024-02-12 23:16:47
trx0634,46.662139,CREDIT,2024-08-14 23:16:47
trx0635,655.923389,DEBIT,2023-10-04 23:16:47
trx0636,17.813252,CREDIT,2023-12-18 23:16:47
trx0637,126.898563,DEBIT,2023-10-11 23:16:47
trx0638,151.854574,CREDIT,2024-01-27 23:16:47
trx0639,120.192054,CREDIT,2024-02-29 23:16:47
trx0640,261.520454,CREDIT,2023-11-10 23:16:47
trx0641,461.148593,CREDIT,2023-11-11 23:16:47
trx0642,593.440813,CREDIT,2024-08-29 23:16:47
trx0643,664.642357,DEBIT,2024-04-03 23:16:47
trx0644,321.575320,CREDIT,2023-12-10 23:16:47
trx0645,761.143435,CREDIT,2024-03-03 23:16:47
trx0646,268.047977,DEBIT,2024-01-14 23:16:47
trx0647,928.666756,DEBIT,2023-11-17 23:16:47
trx0648,500.336864,DEBIT,2024-06-05 23:16:47
trx0649,907.589789,DEBIT,2023-12-13 23:16:47
trx0650,645.386986,CREDIT,2023-11-15 23:16:47
trx0651,602.185054,DEBIT,2024-03-15 23:16:47
trx0652,242.286982,CREDIT,2024-02-04 23:16:47
trx0653,314.554483,DEBIT,2024-04-02 23:16:47
trx0654,504.575883,DEBIT,2024-05-01 23:16:47
trx0655,392.556880,DEBIT,2023-10-21 23:16:47
trx0656,283.473972,CREDIT,2024-01-07 23:16:47
trx0657,261.383170,CREDIT,2024-08-21 23:16:47
trx0658,883.536841,CREDIT,2024-03-04 23:16:47
trx0659,533.295399,CREDIT,2024-04-22 23:16:47
trx0660,226.912917,CREDIT,2024-05-08 23:16:47
trx0661,520.657721,DEBIT,2024-04-27 23:16:47
trx0662,404.000253,CREDIT,2024-04-12 23:16:47
trx0663,851.431292,DEBIT,2023-12-20 23:16:47
trx0664,877.982915,CREDIT,2024-01-10 23:16:47
trx0665,217.805601,CREDIT,2023-12-15 23:16:47
trx0666,169.853687,DEBIT,2023-12-18 23:16:47
trx0667,555.938814,CREDIT,2024-02-26 23:16:47
trx0668,828.177347,CREDIT,2024-03-03 23:16:47
trx0669,884.069751,DEBIT,2024-03-26 23:16:47
trx0670,711.641449,CREDIT,2024-04-05 23:16:47
trx0671,120.526174,DEBIT,2024-01-10 23:16:47
trx0672,423.821154,DEBIT,2024-01-20 23:16:47
trx0673,214.099784,CREDIT,2024-06-13 23:16:47
trx0674,588.367421,DEBIT,2024-04-29 23:16:47
trx0675,823.300623,CREDIT,2024-08-06 23:16:47
trx0676,493.447410,DEBIT,2024-03-14 23:16:47
trx0677,191.893964,CREDIT,2024-01-30 23:16:47
trx0678,295.684429,CREDIT,2024-05-21 23:16:47
trx0679,215.602540,DEBIT,2024-04-10 23:16:47
trx0680,750.704275,DEBIT,2024-03-03 23:16:47
trx0681,970.779479,CREDIT,2024-07-16 23:16:47
trx0682,331.988379,CREDIT,2023-11-05 23:16:47
trx0683,579.211143,DEBIT,2023-11-08 23:16:47
trx0684,302.344121,DEBIT,2023-11-25 23:16:47
trx0685,397.488659,DEBIT,2024-08-17 23:16:47
trx0686,242.646973,CREDIT,2023-10-22 23:16:47
trx0687,454.726544,DEBIT,2023-10-17 23:16:47
trx0688,980.892112,DEBIT,2023-12-23 23:16:47
trx0689,965.310863,CREDIT,2024-06-10 23:16:47
trx0690,492.794419,CREDIT,2023-11-15 23:16:47
trx0691,950.690665,DEBIT,2023-12-31 23:16:47
trx0692,4.973739,DEBIT,2024-04-26 23:16:47
trx0693,450.634603,DEBIT,2024-03-18 23:16:47
trx0694,202.980531,CREDIT,2023-10-05 23:16:47
trx0695,727.925284,CREDIT,2023-10-24 23:16:47
trx0696,915.673671,CREDIT,2024-01-30 23:16:47
trx0697,818.656675,DEBIT,2024-01-25 23:16:47
trx0698,743.910467,CREDIT,2024-05-27 23:16:47
trx0699,73.411458,CREDIT,2024-01-18 23:16:47
trx0700,363.239144,CREDIT,2023-10-16 23:16:47
trx0701,531.401633,DEBIT,2023-10-02 23:16:47
trx0702,301.867814,CREDIT,2024-05-01 23:16:47
trx0703,43.622127,DEBIT,2024-01-28 23:16:47
trx0704,516.778719,CREDIT,2024-01-12 23:16:47
trx0705,957.328397,CREDIT,2024-01-19 23:16:47
trx0706,217.126437,CREDIT,2024-05-23 23:16:47
trx0707,729.979739,CREDIT,2023-12-03 23:16:47
trx0708,972.242115,DEBIT,2024-06-04 23:16:47
trx0709,101.414468,DEBIT,2023-12-17 23:16:47
trx0710,206.221663,DEBIT,2024-01-07 23:16:47
trx0711,741.606824,CREDIT,2023-09-11 23:16:47
trx0712,314.077168,DEBIT,2024-06-17 23:16:47
trx0713,488.192498,DEBIT,2023-09-28 23:16:47
trx0714,188.681475,DEBIT,2023-12-06 23:16:47
trx0715,254.611107,CREDIT,2024-07-11 23:16:47
trx0716,526.518323,DEBIT,2024-04-07 23:16:47
trx0717,403.866532,DEBIT,2024-07-09 23:16:47
trx0718,819.174111,CREDIT,2024-06-16 23:16:47
trx0719,776.700574,CREDIT,2024-05-12 23:16:47
trx0720,395.517451,DEBIT,2024-06-08 23:16:47
trx0721,407.760178,DEBIT,2024-06-28 23:16:47
trx0722,511.873860,DEBIT,2024-02-01 23:16:47
trx0723,69.423479,DEBIT,2023-10-08 23:16:47
trx0724,215.057987,CREDIT,2024-08-24 23:16:47
trx0725,758.790124,CREDIT,2024-02-22 23:16:47
trx0726,53.666886,DEBIT,2024-07-03 23:16:47
trx0727,616.246036,DEBIT,2024-01-24 23:16:47
trx0728,13.757628,CREDIT,2024-02-11 23:16:47
trx0729,147.100179,CREDIT,2024-05-11 23:16:47
trx0730,996.815798,DEBIT,2023-11-16 23:16:47
trx0731,968.739909,DEBIT,2024-08-16 23:16:47
trx0732,281.900540,DEBIT,2023-09-23 23:16:47
trx0733,72.253724,CREDIT,2023-12-07 23:16:47
trx0734,430.697079,DEBIT,2023-10-16 23:16:47
trx0735,921.353488,DEBIT,2023-12-28 23:16:47
trx0736,711.350746,CREDIT,2024-01-27 23:16:47
trx0737,429.868903,CREDIT,2023-10-19 23:16:47
trx0738,64.098212,CREDIT,2024-07-29 23:16:47
trx0739,864.341738,DEBIT,2024-02-24 23:16:47
trx0740,536.830169,DEBIT,2024-01-21 23:16:47
trx0741,174.188133,CREDIT,2023-10-17 23:16:47
trx0742,915.308221,DEBIT,2024-08-12 23:16:47
trx0743,496.187241,DEBIT,2024-08-22 23:16:47
trx0744,786.842613,DEBIT,2024-07-27 23:16:47
trx0745,893.338206,CREDIT,2023-12-11 23:16:47
trx0746,612.241614,CREDIT,2023-10-15 23:16:47
trx0747,958.109925,DEBIT,2024-05-04 23:16:47
trx0748,241.349930,DEBIT,2023-11-19 23:16:47
trx0749,356.459006,DEBIT,2024-03-08 23:16:47
trx0750,641.407217,DEBIT,2024-01-20 23:16:47
trx0751,266.828077,DEBIT,2023-11-23 23:16:47
trx0752,332.762121,DEBIT,2024-03-25 23:16:47
trx0753,511.572714,CREDIT,2023-11-26 23:16:47
trx0754,911.525567,DEBIT,2024-04-13 23:16:47
trx0755,971.664438,CREDIT,2024-01-22 23:16:47
trx0756,17.226122,CREDIT,2024-01-11 23:16:47
trx0757,358.713416,CREDIT,2024-02-13 23:16:47
trx0758,20.944416,CREDIT,2023-11-26 23:16:47
trx0759,262.884991,CREDIT,2023-11-21 23:16:47
trx0760,110.540618,CREDIT,2024-07-02 23:16:47
trx0761,364.370738,DEBIT,2023-10-06 23:16:47
trx0762,417.286409,DEBIT,2024-03-10 23:16:47
trx0763,395.601127,CREDIT,2023-12-30 23:16:47
trx0764,487.023676,CREDIT,2023-09-10 23:16:47
trx0765,50.298979,DEBIT,2024-07-18 23:16:47
trx0766,372.795729,CREDIT,2023-09-24 23:16:47
trx0767,880.305117,CREDIT,2023-12-14 23:16:47
trx0768,829.099542,DEBIT,2023-12-12 23:16:47
trx0769,168.718770,CREDIT,2024-04-10 23:16:47
trx0770,586.725758,DEBIT,2023-12-10 23:16:47
trx0771,583.580380,CREDIT,2024-02-26 23:16:47
trx0772,69.098514,DEBIT,2024-01-05 23:16:47
trx0773,141.878092,CREDIT,2024-07-28 23:16:47
trx0774,69.566896,CREDIT,2024-05-06 23:16:47
trx0775,814.016190,CREDIT,2023-10-05 23:16:47
trx0776,495.452793,DEBIT,2024-08-18 23:16:47
trx0777,198.010643,DEBIT,2023-11-18 23:16:47
trx0778,785.662403,CREDIT,2024-06-10 23:16:47
trx0779,440.341360,DEBIT,2024-07-13 23:16:47
trx0780,148.303235,CREDIT,2023-09-08 23:16:47
trx0781,524.355541,CREDIT,2024-06-10 23:16:47
trx0782,498.169567,CREDIT,2023-09-23 23:16:47
trx0783,258.023551,DEBIT,2024-01-15 23:16:47
trx0784,513.028320,CREDIT,2024-06-12 23:16:47
trx0785,839.355311,CREDIT,2024-01-11 23:16:47
trx0786,730.445046,DEBIT,2024-01-15 23:16:47
trx0787,520.489586,DEBIT,2024-07-22 23:16:47
trx0788,30.430688,DEBIT,2024-03-04 23:16:47
trx0789,848.133394,CREDIT,2023-09-29 23:16:47
trx0790,732.616000,CREDIT,2024-06-04 23:16:47
trx0791,430.539834,DEBIT,2024-04-06 23:16:47
trx0792,734.478975,DEBIT,2023-10-15 23:16:47
trx0793,284.114843,DEBIT,2024-01-07 23:16:47
trx0794,586.618303,CREDIT,2024-03-25 23:16:47
trx0795,846.180170,CREDIT,2024-06-04 23:16:47
trx0796,34.518927,DEBIT,2024-08-18 23:16:47
trx0797,793.087718,DEBIT,2024-04-04 23:16:47
trx0798,800.773129,DEBIT,2023-10-25 23:16:47
trx0799,501.890311,CREDIT,2023-11-12 23:16:47
trx0800,778.308228,CREDIT,2023-12-05 23:16:47
trx0801,433.815154,CREDIT,2024-03-21 23:16:47
trx0802,805.723621,DEBIT,2024-03-01 23:16:47
trx0803,600.814127,CREDIT,2023-11-03 23:16:47
trx0804,452.013611,DEBIT,2023-11-22 23:16:47
trx0805,32.166913,CREDIT,2023-09-20 23:16:47
trx0806,703.727506,CREDIT,2024-08-05 23:16:47
trx0807,112.782919,DEBIT,2023-09-09 23:16:47
trx0808,996.149870,DEBIT,2024-06-26 23:16:47
trx0809,239.358560,DEBIT,2023-10-23 23:16:47
trx0810,377.299229,CREDIT,2024-02-08 23:16:47
trx0811,556.068893,CREDIT,2023-09-24 23:16:47
trx0812,656.313820,CREDIT,2024-07-24 23:16:47
trx0813,537.590584,DEBIT,2024-03-22 23:16:47
trx0814,413.232265,CREDIT,2024-08-12 23:16:47
trx0815,94.706867,CREDIT,2024-03-25 23:16:47
trx0816,10.863322,DEBIT,2024-01-19 23:16:47
trx0817,763.433748,CREDIT,2024-01-06 23:16:47
trx0818,85.814112,CREDIT,2024-01-03 23:16:47
trx0819,356.438196,DEBIT,2024-04-28 23:16:47
trx0820,127.601678,CREDIT,2024-05-31 23:16:47
trx0821,39.967748,DEBIT,2024-01-27 23:16:47
trx0822,900.398329,DEBIT,2024-02-09 23:16:47
trx0823,584.572869,CREDIT,2024-07-31 23:16:47
trx0824,80.868050,CREDIT,2024-03-07 23:16:47
trx0825,183.282825,CREDIT,2024-04-15 23:16:47
trx0826,751.988146,DEBIT,2023-09-16 23:16:47
trx0827,718.866351,CREDIT,2023-09-28 23:16:47
trx0828,880.593736,DEBIT,2024-04-21 23:16:47
trx0829,501.187168,DEBIT,2024-04-30 23:16:47
trx0830,116.582933,DEBIT,2023-12-08 23:16:47
trx0831,270.558767,CREDIT,2024-04-28 23:16:47
trx0832,133.939414,CREDIT,2024-01-03 23:16:47
trx0833,955.877144,DEBIT,2024-05-19 23:16:47
trx0834,55.070976,CREDIT,2023-10-02 23:16:47
trx0835,155.577237,DEBIT,2024-03-22 23:16:47
trx0836,763.460904,CREDIT,2024-04-01 23:16:47
trx0837,492.873417,DEBIT,2024-03-03 23:16:47
trx0838,255.095207,CREDIT,2024-08-11 23:16:47
trx0839,149.711688,CREDIT,2024-06-23 23:16:47
trx0840,877.697573,CREDIT,2023-12-21 23:16:47
trx0841,484.908090,DEBIT,2023-12-02 23:16:47
trx0842,600.990204,DEBIT,2023-11-06 23:16:47
trx0843,688.684754,CREDIT,2024-07-12 23:16:47
trx0844,30.824020,CREDIT,2023-09-30 23:16:47
trx0845,611.110716,CREDIT,2023-12-20 23:16:47
trx0846,545.304065,DEBIT,2024-07-08 23:16:47
trx0847,9.206748,CREDIT,2024-08-02 23:16:47
trx0848,345.957381,DEBIT,2023-09-24 23:16:47
trx0849,867.907510,DEBIT,2024-01-15 23:16:47
trx0850,606.823802,DEBIT,2024-04-03 23:16:47
trx0851,703.828159,CREDIT,2024-01-02 23:16:47
trx0852,257.408670,DEBIT,2024-06-10 23:16:47
trx0853,563.075368,DEBIT,2024-02-05 23:16:47
trx0854,954.448590,DEBIT,2024-07-05 23:16:47
trx0855,3.812469,DEBIT,2024-05-08 23:16:47
trx0856,366.549355,DEBIT,2024-06-21 23:16:47
trx0857,613.470545,DEBIT,2024-06-30 23:16:47
trx0858,240.008151,DEBIT,2024-01-24 23:16:47
trx0859,509.647207,CREDIT,2024-04-19 23:16:47
trx0860,90.307026,CREDIT,2024-01-07 23:16:47
trx0861,660.576399,CREDIT,2024-05-10 23:16:47
trx0862,671.954285,DEBIT,2023-10-29 23:16:47
trx0863,98.977466,CREDIT,2024-01-30 23:16:47
trx0864,662.914306,CREDIT,2024-02-16 23:16:47
trx0865,302.707281,DEBIT,2023-10-12 23:16:47
trx0866,48.400273,CREDIT,2023-11-26 23:16:47
trx0867,470.641407,CREDIT,2024-01-08 23:16:47
trx0868,248.400693,CREDIT,2024-08-10 23:16:47
trx0869,205.128815,CREDIT,2024-07-03 23:16:47
trx0870,122.984516,DEBIT,2024-05-22 23:16:47
trx0871,234.297294,DEBIT,2023-11-08 23:16:47
trx0872,468.713411,CREDIT,2024-05-30 23:16:47
trx0873,995.500582,DEBIT,2024-08-03 23:16:47
trx0874,502.278761,CREDIT,2023-10-10 23:16:47
trx0875,167.092839,DEBIT,2023-11-01 23:16:47
trx0876,731.677600,CREDIT,2023-12-02 23:16:47
trx0877,551.903958,DEBIT,2023-11-17 23:16:47
trx0878,244.704572,DEBIT,2024-07-22 23:16:47
trx0879,981.815143,CREDIT,2023-09-29 23:16:47
trx0880,468.985120,CREDIT,2024-04-02 23:16:47
trx0881,174.335357,CREDIT,2023-09-28 23:16:47
trx0882,9.004124,DEBIT,2024-03-07 23:16:47
trx0883,528.129035,DEBIT,2024-06-30 23:16:47
trx0884,582.192706,DEBIT,2023-09-17 23:16:47
trx0885,181.741749,DEBIT,2024-03-22 23:16:47
trx0886,486.094343,DEBIT,2024-05-02 23:16:47
trx0887,634.368449,CREDIT,2024-08-22 23:16:47
trx0888,128.522303,CREDIT,2023-11-11 23:16:47
trx0889,51.938358,DEBIT,2023-11-10 23:16:47
trx0890,702.590828,CREDIT,2023-12-26 23:16:47
trx0891,784.922416,DEBIT,2024-07-20 23:16:47
trx0892,437.068008,CREDIT,2023-10-22 23:16:47
trx0893,69.447654,DEBIT,2024-05-31 23:16:47
trx0894,395.143572,CREDIT,2023-10-18 23:16:47
trx0895,940.605455,CREDIT,2024-01-24 23:16:47
trx0896,944.454172,CREDIT,2024-05-05 23:16:47
trx0897,768.837697,DEBIT,2024-04-25 23:16:47
trx0898,653.265412,CREDIT,2024-07-30 23:16:47
trx0899,889.754787,DEBIT,2024-03-02 23:16:47
trx0900,566.036234,DEBIT,2024-01-20 23:16:47
trx0901,226.848129,DEBIT,2024-07-29 23:16:47
trx0902,340.371503,CREDIT,2023-09-10 23:16:47
trx0903,595.037889,DEBIT,2023-09-23 23:16:47
trx0904,885.716028,DEBIT,2024-05-01 23:16:47
trx0905,37.185154,CREDIT,2024-06-16 23:16:47
trx0906,608.724363,CREDIT,2023-09-02 23:16:47
trx0907,621.030120,DEBIT,2023-10-08 23:16:47
trx0908,713.643081,CREDIT,2023-12-10 23:16:47
trx0909,262.523944,DEBIT,2024-03-31 23:16:47
trx0910,864.018241,DEBIT,2023-11-25 23:16:47
trx0911,116.998563,CREDIT,2024-08-27 23:16:47
trx0912,214.777260,DEBIT,2024-08-29 23:16:47
trx0913,816.323921,CREDIT,2024-04-15 23:16:47
trx0914,560.706893,DEBIT,2024-08-15 23:16:47
trx0915,4.745783,CREDIT,2023-11-29 23:16:47
trx0916,486.776632,DEBIT,2023-11-16 23:16:47
trx0917,961.577882,DEBIT,2024-04-06 23:16:47
trx0918,254.660880,DEBIT,2024-08-18 23:16:47
trx0919,53.490904,DEBIT,2023-10-10 23:16:47
trx0920,734.207516,DEBIT,2024-02-25 23:16:47
trx0921,16.216833,DEBIT,2024-07-19 23:16:47
trx0922,266.255467,CREDIT,2023-11-19 23:16:47
trx0923,223.201201,DEBIT,2023-10-24 23:16:47
trx0924,346.238595,CREDIT,2024-03-25 23:16:47
trx0925,820.360972,CREDIT,2023-09-16 23:16:47
trx0926,803.170675,CREDIT,2024-01-02 23:16:47
trx0927,833.408867,CREDIT,2024-07-01 23:16:47
trx0928,38.722712,CREDIT,2024-02-07 23:16:47
trx0929,578.131277,CREDIT,2023-10-25 23:16:47
trx0930,548.031547,DEBIT,2024-03-24 23:16:47
trx0931,213.215700,CREDIT,2024-05-21 23:16:47
trx0932,668.907785,DEBIT,2024-06-29 23:16:47
trx0933,706.534524,CREDIT,2024-01-23 23:16:47
trx0934,638.181490,CREDIT,2024-05-14 23:16:47
trx0935,390.167589,CREDIT,2024-02-25 23:16:47
trx0936,890.585012,DEBIT,2024-05-07 23:16:47
trx0937,923.609921,DEBIT,2024-03-25 23:16:47
trx0938,83.585336,CREDIT,2024-08-05 23:16:47
trx0939,567.344967,DEBIT,2024-05-26 23:16:47
trx0940,451.032528,CREDIT,2023-10-25 23:16:47
trx0941,858.580214,DEBIT,2023-09-04 23:16:47
trx0942,516.702438,CREDIT,2023-10-01 23:16:47
trx0943,448.238685,CREDIT,2024-02-17 23:16:47
trx0944,137.898040,DEBIT,2024-08-03 23:16:47
trx0945,728.007530,CREDIT,2023-09-11 23:16:47
trx0946,869.041066,DEBIT,2024-06-03 23:16:47
trx0947,253.604705,CREDIT,2024-01-16 23:16:47
trx0948,504.340047,DEBIT,2024-07-06 23:16:47
trx0949,652.358272,DEBIT,2024-02-10 23:16:47
trx0950,682.894833,DEBIT,2023-12-04 23:16:47
trx0951,44.477283,DEBIT,2024-02-27 23:16:47
trx0952,972.568109,DEBIT,2024-03-09 23:16:47
trx0953,814.629259,CREDIT,2023-10-11 23:16:47
trx0954,645.107588,CREDIT,2023-10-05 23:16:47
trx0955,99.373740,CREDIT,2024-03-31 23:16:47
trx0956,68.493270,DEBIT,2024-04-14 23:16:47
trx0957,713.226513,DEBIT,2024-05-30 23:16:47
trx0958,660.323300,DEBIT,2024-04-19 23:16:47
trx0959,132.944203,CREDIT,2023-11-22 23:16:47
trx0960,233.356923,CREDIT,2023-12-01 23:16:47
trx0961,989.944856,DEBIT,2023-11-28 23:16:47
trx0962,255.930575,CREDIT,2023-11-23 23:16:47
trx0963,892.483620,DEBIT,2023-10-06 23:16:47
trx0964,976.191223,DEBIT,2023-11-16 23:16:47
trx0965,643.614886,CREDIT,2024-01-19 23:16:47
trx0966,760.364646,DEBIT,2024-02-17 23:16:47
trx0967,942.526316,DEBIT,2023-09-24 23:16:47
trx0968,397.326900,CREDIT,2024-02-13 23:16:47
trx0969,157.483625,DEBIT,2024-05-18 23:16:47
trx0970,724.396804,DEBIT,2024-03-21 23:16:47
trx0971,141.750546,DEBIT,2024-04-16 23:16:47
trx0972,970.852731,DEBIT,2024-02-26 23:16:47
trx0973,527.686708,CREDIT,2024-01-23 23:16:47
trx0974,823.866016,DEBIT,2023-10-06 23:16:47
trx0975,318.376143,DEBIT,2024-07-06 23:16:47
trx0976,703.694549,CREDIT,2024-03-25 23:16:47
trx0977,216.425781,DEBIT,2023-09-09 23:16:47
trx0978,399.975147,CREDIT,2024-07-16 23:16:47
trx0979,602.167592,DEBIT,2024-04-25 23:16:47
trx0980,178.946032,DEBIT,2024-03-22 23:16:47
trx0981,102.922685,DEBIT,2023-10-26 23:16:47
trx0982,278.650778,CREDIT,2024-03-27 23:16:47
trx0983,569.606930,DEBIT,2024-02-18 23:16:47
trx0984,476.134724,DEBIT,2024-06-04 23:16:47
trx0985,405.384715,CREDIT,2024-06-20 23:16:47
trx0986,73.343688,DEBIT,2024-07-11 23:16:47
trx0987,917.051747,DEBIT,2024-03-22 23:16:47
trx0988,377.929798,DEBIT,2023-11-27 23:16:47
trx0989,281.556403,DEBIT,2023-10-01 23:16:47
trx0990,215.382666,CREDIT,2024-01-13 23:16:47
trx0991,548.504653,CREDIT,2024-01-24 23:16:47
trx0992,208.898164,DEBIT,2024-05-16 23:16:47
trx0993,10.985414,CREDIT,2023-12-17 23:16:47
trx0994,231.690167,DEBIT,2024-05-29 23:16:47
trx0995,451.671216,DEBIT,2024-03-26 23:16:47
trx0996,515.206161,DEBIT,2024-03-10 23:16:47
trx0997,839.413502,CREDIT,2023-09-19 23:16:47
trx0998,790.183411,CREDIT,2023-09-26 23:16:47
trx0999,399.005619,DEBIT,2024-01-22 23:16:47